﻿<?xml version="1.0" encoding="UTF-8" standalone="yes"?>
<wow_schema_eastern_kingdoms xmlns:xsi="http://www.w3.org/2001/XMLSchema-instance">
		<eastern_kingdoms__instance> 
					<instance_name>Blackfathom Deeps</instance_name>
					<boss_name>Ghamoo'Ra</boss_name>
					<boss_title>None</boss_title>
					<race>Turtle</race>
					<level>24</level>
					<health>13020</health>
					<mana>0</mana>
					<ability_number>1</ability_number>
		</eastern_kingdoms__instance>
		<eastern_kingdoms__instance> 
					<instance_name>Blackfathom Deeps</instance_name>
					<boss_name>Lady Sarevess</boss_name>
					<boss_title>None</boss_title>
					<race>Naga</race>
					<level>24</level>
					<health>14275</health>
					<mana>1854</mana>
					<ability_number>3</ability_number>
		</eastern_kingdoms__instance>
</wow_schema_eastern_kingdoms>