<?xml version="1.0" encoding="UTF-8" standalone="yes"?>
<wow_schema_eastern_kingdoms xmlns:xsi="http://www.w3.org/2001/XMLSchema-instance">
	<eastern_kingdoms__instance>
		<instance_name>Blackrock Depths (Detention Block)</instance_name>
		<boss_name>High Interrogator Gerstahn</boss_name>
		<boss_title>Twilight's Hammer Interrogator</boss_title>
		<race>Human</race>
		<level>52</level>
		<health>59275</health>
		<mana>9615</mana>
		<ability_number>4</ability_number>
	</eastern_kingdoms__instance>
	<eastern_kingdoms__instance>
		<instance_name>Blackrock Depths (Halls of the Law)</instance_name>
		<boss_name>Houndmater Grebmar</boss_name>
		<boss_title>None</boss_title>
		<race>Dark Iron Dwarf</race>
		<level>52</level>
		<health>59275</health>
		<mana>0</mana>
		<ability_number>5</ability_number>
	</eastern_kingdoms__instance>
	<eastern_kingdoms__instance>
		<instance_name>Blackrock Depths (Halls of the Law)</instance_name>
		<boss_name>Lord Roccor</boss_name>
		<boss_title>None</boss_title>
		<race>Lava Elemental</race>
		<level>51</level>
		<health>68760</health>
		<mana>0</mana>
		<ability_number>3</ability_number>
	</eastern_kingdoms__instance>
	<eastern_kingdoms__instance>
		<instance_name>Blackrock Depths (Ring of the Law)</instance_name>
		<boss_name>Anub'shiah</boss_name>
		<boss_title>None</boss_title>
		<race>Crypt Fiend</race>
		<level>52</level>
		<health>47420</health>
		<mana>9615</mana>
		<ability_number>6</ability_number>
	</eastern_kingdoms__instance>
	<eastern_kingdoms__instance>
		<instance_name>Blackrock Depths (Ring of the Law)</instance_name>
		<boss_name>Dark Keeper Zimrel</boss_name>
		<boss_title>None</boss_title>
		<race>Dark Iron Dwarf</race>
		<level>55</level>
		<health>6200</health>
		<mana>4234</mana>
		<ability_number>2</ability_number>
	</eastern_kingdoms__instance>
	<eastern_kingdoms__instance>
		<instance_name>Blackrock Depths (Ring of the Law)</instance_name>
		<boss_name>Eviscerator</boss_name>
		<boss_title>None</boss_title>
		<race>Worgen</race>
		<level>52</level>
		<health>47420</health>
		<mana>9615</mana>
		<ability_number>3</ability_number>
	</eastern_kingdoms__instance>
	<eastern_kingdoms__instance>
		<instance_name>Blackrock Depths (Ring of the Law)</instance_name>
		<boss_name>Gorosh the Dervish</boss_name>
		<boss_title>None</boss_title>
		<race>Orc</race>
		<level>52</level>
		<health>47420</health>
		<mana>0</mana>
		<ability_number>4</ability_number>
	</eastern_kingdoms__instance>
	<eastern_kingdoms__instance>
		<instance_name>Blackrock Depths (Ring of the Law)</instance_name>
		<boss_name>Grizzle</boss_name>
		<boss_title>None</boss_title>
		<race>Dire Troll</race>
		<level>52</level>
		<health>47420</health>
		<mana>0</mana>
		<ability_number>3</ability_number>
	</eastern_kingdoms__instance>
	<eastern_kingdoms__instance>
		<instance_name>Blackrock Depths (Ring of the Law)</instance_name>
		<boss_name>Hedrum the Creeper</boss_name>
		<boss_title>None</boss_title>
		<race>Crystal Spider</race>
		<level>52</level>
		<health>47420</health>
		<mana>0</mana>
		<ability_number>4</ability_number>
	</eastern_kingdoms__instance>
	<eastern_kingdoms__instance>
		<instance_name>Blackrock Depths (Ring of the Law)</instance_name>
		<boss_name>Ok'thor the Breaker</boss_name>
		<boss_title>None</boss_title>
		<race>Ogre Mage</race>
		<level>52</level>
		<health>47420</health>
		<mana>15384</mana>
		<ability_number>4</ability_number>
	</eastern_kingdoms__instance>
	<eastern_kingdoms__instance>
		<instance_name>Blackrock Depths (Ring of the Law)</instance_name>
		<boss_name>Theldren</boss_name>
		<boss_title>None</boss_title>
		<race>Dwarf</race>
		<level>60</level>
		<health>11000</health>
		<mana>0</mana>
		<ability_number>8</ability_number>
	</eastern_kingdoms__instance>
	<eastern_kingdoms__instance>
		<instance_name>Blackrock Depths (Ring of the Law)</instance_name>
		<boss_name>Malgen Longspear</boss_name>
		<boss_title>None</boss_title>
		<race>Centaur</race>
		<level>60</level>
		<health>8547</health>
		<mana>5452</mana>
		<ability_number>7</ability_number>
	</eastern_kingdoms__instance>
	<eastern_kingdoms__instance>
		<instance_name>Blackrock Depths (Ring of the Law)</instance_name>
		<boss_name>Snokh Blackspine</boss_name>
		<boss_title>None</boss_title>
		<race>Quilboar</race>
		<level>60</level>
		<health>5607</health>
		<mana>7649</mana>
		<ability_number>7</ability_number>
	</eastern_kingdoms__instance>
	<eastern_kingdoms__instance>
		<instance_name>Blackrock Depths (Ring of the Law)</instance_name>
		<boss_name>Lefty</boss_name>
		<boss_title>None</boss_title>
		<race>Gnome</race>
		<level>60</level>
		<health>8500</health>
		<mana>0</mana>
		<ability_number>4</ability_number>
	</eastern_kingdoms__instance>
	<eastern_kingdoms__instance>
		<instance_name>Blackrock Depths (Ring of the Law)</instance_name>
		<boss_name>Korv</boss_name>
		<boss_title>None</boss_title>
		<race>Tauren</race>
		<level>60</level>
		<health>8547</health>
		<mana>5452</mana>
		<ability_number>8</ability_number>
	</eastern_kingdoms__instance>
	<eastern_kingdoms__instance>
		<instance_name>Blackrock Depths (Ring of the Law)</instance_name>
		<boss_name>Rotfang</boss_name>
		<boss_title>None</boss_title>
		<race>Gnoll</race>
		<level>60</level>
		<health>7300</health>
		<mana>0</mana>
		<ability_number>8</ability_number>
	</eastern_kingdoms__instance>
	<eastern_kingdoms__instance>
		<instance_name>Blackrock Depths (Ring of the Law)</instance_name>
		<boss_name>Volida</boss_name>
		<boss_title>None</boss_title>
		<race>Undead</race>
		<level>60</level>
		<health>7500</health>
		<mana>4649</mana>
		<ability_number>2</ability_number>
	</eastern_kingdoms__instance>
	<eastern_kingdoms__instance>
		<instance_name>Blackrock Depths (Ring of the Law)</instance_name>
		<boss_name>Va'jashni</boss_name>
		<boss_title>None</boss_title>
		<race>Troll</race>
		<level>60</level>
		<health>5800</health>
		<mana>7649</mana>
		<ability_number>6</ability_number>
	</eastern_kingdoms__instance>
	<eastern_kingdoms__instance>
		<instance_name>Blackrock Depths (Ring of the Law)</instance_name>
		<boss_name>Rezznik</boss_name>
		<boss_title>None</boss_title>
		<race>Goblin</race>
		<level>60</level>
		<health>6410</health>
		<mana>4186</mana>
		<ability_number>1</ability_number>
	</eastern_kingdoms__instance>
	<eastern_kingdoms__instance>
		<instance_name>Blackrock Depths (Shrine of Thaurissan)</instance_name>
		<boss_name>Pyromancer Loregrain</boss_name>
		<boss_title>None</boss_title>
		<race>Tauren</race>
		<level>52</level>
		<health>28455</health>
		<mana>23250</mana>
		<ability_number>5</ability_number>
	</eastern_kingdoms__instance>
	<eastern_kingdoms__instance>
		<instance_name>Blackrock Depths (Shadowforge City)</instance_name>
		<boss_name>Lord Incendius</boss_name>
		<boss_title>None</boss_title>
		<race>Fire Elemental</race>
		<level>48/53</level>
		<health>16000/17000</health>
		<mana>0</mana>
		<ability_number>4</ability_number>
	</eastern_kingdoms__instance>
	<eastern_kingdoms__instance>
		<instance_name>Blackrock Depths (The Domicile)</instance_name>
		<boss_name>Dark Keeper Pelver</boss_name>
		<boss_title>None</boss_title>
		<race>Dark Iron Dwarf</race>
		<level>55</level>
		<health>6200</health>
		<mana>4234</mana>
		<ability_number>3</ability_number>
	</eastern_kingdoms__instance>
	<eastern_kingdoms__instance>
		<instance_name>Blackrock Depths (The Black Vault)</instance_name>
		<boss_name>Dark Keeper Bethek</boss_name>
		<boss_title>None</boss_title>
		<race>Dark Iron Dwarf</race>
		<level>54/55</level>
		<health>6400</health>
		<mana>4234</mana>
		<ability_number>2</ability_number>
	</eastern_kingdoms__instance>
	<eastern_kingdoms__instance>
		<instance_name>Blackrock Depths (The Black Vault)</instance_name>
		<boss_name>Verek</boss_name>
		<boss_title>None</boss_title>
		<race>Darkhound</race>
		<level>53</level>
		<health>14718</health>
		<mana>0</mana>
		<ability_number>3</ability_number>
	</eastern_kingdoms__instance>
	<eastern_kingdoms__instance>
		<instance_name>Blackrock Depths (The Black Vault)</instance_name>
		<boss_name>Warder Stilgiss</boss_name>
		<boss_title>None</boss_title>
		<race>Dark Iron Dwarf</race>
		<level>56</level>
		<health>8100/8700</health>
		<mana>10205/10815</mana>
		<ability_number>5</ability_number>
	</eastern_kingdoms__instance>
	<eastern_kingdoms__instance>
		<instance_name>Blackrock Depths (The Black Vault)</instance_name>
		<boss_name>Watchman Doomgrip</boss_name>
		<boss_title>None</boss_title>
		<race>Dark Iron Dwarf</race>
		<level>55</level>
		<health>10000</health>
		<mana>4082/4234</mana>
		<ability_number>2</ability_number>
	</eastern_kingdoms__instance>
	<eastern_kingdoms__instance>
		<instance_name>Blackrock Depths (Hall of Crafting)</instance_name>
		<boss_name>Dark Keeper Uggel</boss_name>
		<boss_title>None</boss_title>
		<race>Dark Iron Dwarf</race>
		<level>55</level>
		<health>6200</health>
		<mana>4234</mana>
		<ability_number>2</ability_number>
	</eastern_kingdoms__instance>
	<eastern_kingdoms__instance>
		<instance_name>Blackrock Depths (Hall of Crafting)</instance_name>
		<boss_name>Fineous Darkvire</boss_name>
		<boss_title>Chief Architect</boss_title>
		<race>Dark Iron Dwarf</race>
		<level>53</level>
		<health>2800</health>
		<mana>9910</mana>
		<ability_number>5</ability_number>
	</eastern_kingdoms__instance>
	<eastern_kingdoms__instance>
		<instance_name>Blackrock Depths (Dark Iron Highway)</instance_name>
		<boss_name>Bael'Gar</boss_name>
		<boss_title>None</boss_title>
		<race>Molten Giant</race>
		<level>52</level>
		<health>59275</health>
		<mana>0</mana>
		<ability_number>2</ability_number>
	</eastern_kingdoms__instance>
	<eastern_kingdoms__instance>
		<instance_name>Blackrock Depths (West Garrison)</instance_name>
		<boss_name>Dark Keeper Ofgut</boss_name>
		<boss_title>None</boss_title>
		<race>Dark Iron Dwarf</race>
		<level>55</level>
		<health>14718</health>
		<mana>3964</mana>
		<ability_number>2</ability_number>
	</eastern_kingdoms__instance>
	<eastern_kingdoms__instance>
		<instance_name>Blackrock Depths (West Garrison)</instance_name>
		<boss_name>General Angerforge</boss_name>
		<boss_title>None</boss_title>
		<race>Dark Iron Dwarf</race>
		<level>55</level>
		<health>65350</health>
		<mana>0</mana>
		<ability_number>4</ability_number>
	</eastern_kingdoms__instance>
	<eastern_kingdoms__instance>
		<instance_name>Blackrock Depths (The Manufactory)</instance_name>
		<boss_name>Golem Lord Argelmach</boss_name>
		<boss_title>None</boss_title>
		<race>Dark Iron Dwarf</race>
		<level>55</level>
		<health>65350</health>
		<mana>16936</mana>
		<ability_number>3</ability_number>
	</eastern_kingdoms__instance>
	<eastern_kingdoms__instance>
		<instance_name>Blackrock Depths The Grim Guzzler)</instance_name>
		<boss_name>Dark Keeper Vorfalk</boss_name>
		<boss_title>None</boss_title>
		<race>Dark Iron Dwarf</race>
		<level>55</level>
		<health>6500</health>
		<mana>4234</mana>
		<ability_number>2</ability_number>
	</eastern_kingdoms__instance>
	<eastern_kingdoms__instance>
		<instance_name>Blackrock Depths The Grim Guzzler)</instance_name>
		<boss_name>Hurkey Blackbreath</boss_name>
		<boss_title>None</boss_title>
		<race>Dark Iron Dwarf</race>
		<level>55</level>
		<health>31368</health>
		<mana>0</mana>
		<ability_number>2</ability_number>
	</eastern_kingdoms__instance>
	<eastern_kingdoms__instance>
		<instance_name>Blackrock Depths The Grim Guzzler)</instance_name>
		<boss_name>Phalanx</boss_name>
		<boss_title>None</boss_title>
		<race>Golem</race>
		<level>55</level>
		<health>N/A</health>
		<mana>0</mana>
		<ability_number>3</ability_number>
	</eastern_kingdoms__instance>
	<eastern_kingdoms__instance>
		<instance_name>Blackrock Depths The Grim Guzzler)</instance_name>
		<boss_name>Plugger Spazzring</boss_name>
		<boss_title>None</boss_title>
		<race>Leper Gnome</race>
		<level>55</level>
		<health>12546</health>
		<mana>0</mana>
		<ability_number>5</ability_number>
	</eastern_kingdoms__instance>
	<eastern_kingdoms__instance>
		<instance_name>Blackrock Depths The Grim Guzzler)</instance_name>
		<boss_name>Ribbly Screwspigot</boss_name>
		<boss_title>None</boss_title>
		<race>Goblin</race>
		<level>53</level>
		<health>14718</health>
		<mana>0</mana>
		<ability_number>3</ability_number>
	</eastern_kingdoms__instance>
	<eastern_kingdoms__instance>
		<instance_name>Blackrock Depths (Chamber of Enchantment)</instance_name>
		<boss_name>Ambassador Flamelash</boss_name>
		<boss_title>None</boss_title>
		<race>Flamewaker</race>
		<level>55</level>
		<health>2600</health>
		<mana>0</mana>
		<ability_number>2</ability_number>
	</eastern_kingdoms__instance>
	<eastern_kingdoms__instance>
		<instance_name>Blackrock Depths (Mold Foundry)</instance_name>
		<boss_name>Panzor the Invincible</boss_name>
		<boss_title>None</boss_title>
		<race>Golem</race>
		<level>56/57</level>
		<health>13000/14000</health>
		<mana>0</mana>
		<ability_number>0</ability_number>
	</eastern_kingdoms__instance>
	<eastern_kingdoms__instance>
		<instance_name>Blackrock Depths (Summoners' Tomb)</instance_name>
		<boss_name>Anger'rel</boss_name>
		<boss_title>None</boss_title>
		<race>Ghost</race>
		<level>55</level>
		<health>11763</health>
		<mana>0</mana>
		<ability_number>6</ability_number>
	</eastern_kingdoms__instance>
	<eastern_kingdoms__instance>
		<instance_name>Blackrock Depths (Summoners' Tomb)</instance_name>
		<boss_name>Doom'rel</boss_name>
		<boss_title>None</boss_title>
		<race>Ghost</race>
		<level>56</level>
		<health>12954</health>
		<mana>17304</mana>
		<ability_number>6</ability_number>
	</eastern_kingdoms__instance>
	<eastern_kingdoms__instance>
		<instance_name>Blackrock Depths (Summoners' Tomb)</instance_name>
		<boss_name>Dope'rel</boss_name>
		<boss_title>None</boss_title>
		<race>Ghost</race>
		<level>56</level>
		<health>12146</health>
		<mana>0</mana>
		<ability_number>6</ability_number>
	</eastern_kingdoms__instance>
	<eastern_kingdoms__instance>
		<instance_name>Blackrock Depths (Summoners' Tomb)</instance_name>
		<boss_name>Gloom'rel</boss_name>
		<boss_title>None</boss_title>
		<race>Ghost</race>
		<level>56</level>
		<health>12146</health>
		<mana>0</mana>
		<ability_number>5</ability_number>
	</eastern_kingdoms__instance>
	<eastern_kingdoms__instance>
		<instance_name>Blackrock Depths (Summoners' Tomb)</instance_name>
		<boss_name>Hate'rel</boss_name>
		<boss_title>None</boss_title>
		<race>Ghost</race>
		<level>55</level>
		<health>9410</health>
		<mana>10585</mana>
		<ability_number>4</ability_number>
	</eastern_kingdoms__instance>
	<eastern_kingdoms__instance>
		<instance_name>Blackrock Depths (Summoners' Tomb)</instance_name>
		<boss_name>Seeth'rel</boss_name>
		<boss_title>None</boss_title>
		<race>Ghost</race>
		<level>56</level>
		<health>9716</health>
		<mana>10815</mana>
		<ability_number>7</ability_number>
	</eastern_kingdoms__instance>
	<eastern_kingdoms__instance>
		<instance_name>Blackrock Depths (Summoners' Tomb)</instance_name>
		<boss_name>Vile'rel</boss_name>
		<boss_title>None</boss_title>
		<race>Ghost</race>
		<level>56</level>
		<health>9716</health>
		<mana>12978</mana>
		<ability_number>4</ability_number>
	</eastern_kingdoms__instance>
	<eastern_kingdoms__instance>
		<instance_name>Blackrock Depths (The Iron Hall)</instance_name>
		<boss_name>Magmus</boss_name>
		<boss_title>None</boss_title>
		<race>Molten Giant</race>
		<level>56/57</level>
		<health>24000/25000</health>
		<mana>0</mana>
		<ability_number>2</ability_number>
	</eastern_kingdoms__instance>
	<eastern_kingdoms__instance>
		<instance_name>Blackrock Depths (The Imperial Seat)</instance_name>
		<boss_name>Emperor Dagran Thaurissan</boss_name>
		<boss_title>Emperor of Blackrock</boss_title>
		<race>Dark Iron Dwarf</race>
		<level>56</level>
		<health>67475</health>
		<mana>0</mana>
		<ability_number>3</ability_number>
	</eastern_kingdoms__instance>
	<eastern_kingdoms__instance>
		<instance_name>Blackrock Depths (The Imperial Seat)</instance_name>
		<boss_name>Princess Moira Bronzebeard</boss_name>
		<boss_title>Princess of Ironforge</boss_title>
		<race>Dwarf</race>
		<level>56</level>
		<health>13592</health>
		<mana>6351</mana>
		<ability_number>3</ability_number>
	</eastern_kingdoms__instance>
	<eastern_kingdoms__instance>
		<instance_name>Blackrock Depths (The Imperial Seat)</instance_name>
		<boss_name>High Priestess of Thaurissan</boss_name>
		<boss_title>None</boss_title>
		<race>Dark Iron Dwarf</race>
		<level>56/58</level>
		<health>13000/15000</health>
		<mana>6351/6867</mana>
		<ability_number>0</ability_number>
	</eastern_kingdoms__instance>
	<eastern_kingdoms__instance>
		<instance_name>Lower Blackrock Spire (Hordemar City)</instance_name>
		<boss_name>Bannok Grimaxe</boss_name>
		<boss_title>Firebrand Legion Champion</boss_title>
		<race>Orc</race>
		<level>59</level>
		<health>N/A</health>
		<mana>0</mana>
		<ability_number>0</ability_number>
	</eastern_kingdoms__instance>
	<eastern_kingdoms__instance>
		<instance_name>Lower Blackrock Spire (Hordemar City)</instance_name>
		<boss_name>Burning Felguard</boss_name>
		<boss_title>None</boss_title>
		<race>Felguard</race>
		<level>56/57</level>
		<health>9900/11000</health>
		<mana>0</mana>
		<ability_number>3</ability_number>
	</eastern_kingdoms__instance>
	<eastern_kingdoms__instance>
		<instance_name>Lower Blackrock Spire (Hordemar City)</instance_name>
		<boss_name>Spirestone Butcher</boss_name>
		<boss_title>None</boss_title>
		<race>Ogre</race>
		<level>58</level>
		<health>34452</health>
		<mana>0</mana>
		<ability_number>0</ability_number>
	</eastern_kingdoms__instance>
	<eastern_kingdoms__instance>
		<instance_name>Lower Blackrock Spire (Hordemar City)</instance_name>
		<boss_name>Spirestone Battle Lord</boss_name>
		<boss_title>None</boss_title>
		<race>Ogre</race>
		<level>58</level>
		<health>N/A</health>
		<mana>0</mana>
		<ability_number>0</ability_number>
	</eastern_kingdoms__instance>
	<eastern_kingdoms__instance>
		<instance_name>Lower Blackrock Spire (Hordemar City)</instance_name>
		<boss_name>Spirestone Lord Magus</boss_name>
		<boss_title>None</boss_title>
		<race>Ogre Magi</race>
		<level>58</level>
		<health>1400</health>
		<mana>13734</mana>
		<ability_number>4</ability_number>
	</eastern_kingdoms__instance>
	<eastern_kingdoms__instance>
		<instance_name>Lower Blackrock Spire (Mok'Doom)</instance_name>
		<boss_name>Highlord Omokk</boss_name>
		<boss_title>None</boss_title>
		<race>Ogre</race>
		<level>59</level>
		<health>74025</health>
		<mana>0</mana>
		<ability_number>2</ability_number>
	</eastern_kingdoms__instance>
	<eastern_kingdoms__instance>
		<instance_name>Lower Blackrock Spire (Tazz'Alaor)</instance_name>
		<boss_name>Mor Grayhoof</boss_name>
		<boss_title>None</boss_title>
		<race>Tauren</race>
		<level>60</level>
		<health>N/A</health>
		<mana>0</mana>
		<ability_number>6</ability_number>
	</eastern_kingdoms__instance>
	<eastern_kingdoms__instance>
		<instance_name>Lower Blackrock Spire (Tazz'Alaor)</instance_name>
		<boss_name>Shadow Huner Vosh'gajin</boss_name>
		<boss_title>None</boss_title>
		<race>Forest Troll</race>
		<level>58</level>
		<health>21000</health>
		<mana>2289</mana>
		<ability_number>2</ability_number>
	</eastern_kingdoms__instance>
	<eastern_kingdoms__instance>
		<instance_name>Lower Blackrock Spire (Tazz'Alaor)</instance_name>
		<boss_name>War Master Voone</boss_name>
		<boss_title>None</boss_title>
		<race>Forest Troll</race>
		<level>59</level>
		<health>2610</health>
		<mana>0</mana>
		<ability_number>7</ability_number>
	</eastern_kingdoms__instance>
	<eastern_kingdoms__instance>
		<instance_name>Lower Blackrock Spire (Skitterweb Tunnels)</instance_name>
		<boss_name>Mother Smolderweb</boss_name>
		<boss_title>None</boss_title>
		<race>Crystal Spider</race>
		<level>60</level>
		<health>76300</health>
		<mana>0</mana>
		<ability_number>3</ability_number>
	</eastern_kingdoms__instance>
	<eastern_kingdoms__instance>
		<instance_name>Lower Blackrock Spire (Skitterweb Tunnels)</instance_name>
		<boss_name>Crystal Fang</boss_name>
		<boss_title>None</boss_title>
		<race>Crystal Spider</race>
		<level>60</level>
		<health>N/A</health>
		<mana>0</mana>
		<ability_number>0</ability_number>
	</eastern_kingdoms__instance>
	<eastern_kingdoms__instance>
		<instance_name>Lower Blackrock Spire (The Storehouse)</instance_name>
		<boss_name>Quartermaster Zigris</boss_name>
		<boss_title>Bloodaxe Legion</boss_title>
		<race>Orc</race>
		<level>60</level>
		<health>122080</health>
		<mana>0</mana>
		<ability_number>4</ability_number>
	</eastern_kingdoms__instance>
	<eastern_kingdoms__instance>
		<instance_name>Lower Blackrock Spire (Halycon's Lair)</instance_name>
		<boss_name>Gizrul the Slavener</boss_name>
		<boss_title>None</boss_title>
		<race>Worg</race>
		<level>60</level>
		<health>61040</health>
		<mana>0</mana>
		<ability_number>3</ability_number>
	</eastern_kingdoms__instance>
	<eastern_kingdoms__instance>
		<instance_name>Lower Blackrock Spire (Halycon's Lair)</instance_name>
		<boss_name>Halycon</boss_name>
		<boss_title>None</boss_title>
		<race>Worg</race>
		<level>60</level>
		<health>61040</health>
		<mana>0</mana>
		<ability_number>2</ability_number>
	</eastern_kingdoms__instance>
	<eastern_kingdoms__instance>
		<instance_name>Lower Blackrock Spire (Chamber of Battle)</instance_name>
		<boss_name>Ghok Bashguud</boss_name>
		<boss_title>None</boss_title>
		<race>Orc</race>
		<level>59</level>
		<health>9000</health>
		<mana>0</mana>
		<ability_number>0</ability_number>
	</eastern_kingdoms__instance>
	<eastern_kingdoms__instance>
		<instance_name>Lower Blackrock Spire (Chamber of Battle)</instance_name>
		<boss_name>Overlord Wyrmthalak</boss_name>
		<boss_title>None</boss_title>
		<race>Dragonspawn</race>
		<level>60</level>
		<health>91560</health>
		<mana>0</mana>
		<ability_number>4</ability_number>
	</eastern_kingdoms__instance>
	<eastern_kingdoms__instance>
		<instance_name>Upper Blackrock Spire (Hall of Binding)</instance_name>
		<boss_name>Pyroguard Emberseer</boss_name>
		<boss_title>None</boss_title>
		<race>Fire Elemental</race>
		<level>58/59</level>
		<health>74025</health>
		<mana>0</mana>
		<ability_number>6</ability_number>
	</eastern_kingdoms__instance>
	<eastern_kingdoms__instance>
		<instance_name>Upper Blackrock Spire (The Rookery)</instance_name>
		<boss_name>Solakar Flamewreath</boss_name>
		<boss_title>None</boss_title>
		<race>Dragonspawn</race>
		<level>59</level>
		<health>74025</health>
		<mana>0</mana>
		<ability_number>1</ability_number>
	</eastern_kingdoms__instance>
	<eastern_kingdoms__instance>
		<instance_name>Upper Blackrock Spire (Hall of Blackhand)</instance_name>
		<boss_name>Goraluk Anvilcrack</boss_name>
		<boss_title>Blackhand Legion Armorsmith</boss_title>
		<race>Orc</race>
		<level>61</level>
		<health>N/A</health>
		<mana>0</mana>
		<ability_number>0</ability_number>
	</eastern_kingdoms__instance>
	<eastern_kingdoms__instance>
		<instance_name>Upper Blackrock Spire (Hall of Blackhand)</instance_name>
		<boss_name>Jed Runewatcher</boss_name>
		<boss_title>Blackhand Legion</boss_title>
		<race>Orc</race>
		<level>59</level>
		<health>8800</health>
		<mana>0</mana>
		<ability_number>0</ability_number>
	</eastern_kingdoms__instance>
	<eastern_kingdoms__instance>
		<instance_name>Upper Blackrock Spire (Blackrock Stadium)</instance_name>
		<boss_name>Gyth</boss_name>
		<boss_title>None</boss_title>
		<race>Chromatic Drake</race>
		<level>59</level>
		<health>41454</health>
		<mana>0</mana>
		<ability_number>5</ability_number>
	</eastern_kingdoms__instance>
	<eastern_kingdoms__instance>
		<instance_name>Upper Blackrock Spire (Blackrock Stadium)</instance_name>
		<boss_name>Warchief Rend Blackhand</boss_name>
		<boss_title>Warchief of the Dark Horde, Chieftain of the Blackrock, Chieftain of the Black Tooth</boss_title>
		<race>Orc</race>
		<level>N/A</level>
		<health>N/A</health>
		<mana>0</mana>
		<ability_number>0</ability_number>
	</eastern_kingdoms__instance>
	<eastern_kingdoms__instance>
		<instance_name>Upper Blackrock Spire (The Furnace)</instance_name>
		<boss_name>Lord Valthalak</boss_name>
		<boss_title>None</boss_title>
		<race>Drakonid</race>
		<level>??</level>
		<health>286000</health>
		<mana>2620</mana>
		<ability_number>5</ability_number>
	</eastern_kingdoms__instance>
	<eastern_kingdoms__instance>
		<instance_name>Upper Blackrock Spire (The Furnace)</instance_name>
		<boss_name>The Beast</boss_name>
		<boss_title>None</boss_title>
		<race>Core Hound</race>
		<level>60</level>
		<health>76300</health>
		<mana>0</mana>
		<ability_number>6</ability_number>
	</eastern_kingdoms__instance>
	<eastern_kingdoms__instance>
		<instance_name>Upper Blackrock Spire (Spire Throne)</instance_name>
		<boss_name>General Drakkisath</boss_name>
		<boss_title>Hand of Nefarian</boss_title>
		<race>Dragonspawn</race>
		<level>60</level>
		<health>91560</health>
		<mana>0</mana>
		<ability_number>5</ability_number>
	</eastern_kingdoms__instance>
	<eastern_kingdoms__instance>
		<instance_name>Molten Core</instance_name>
		<boss_name>Lucifron</boss_name>
		<boss_title>None</boss_title>
		<race>Flamewaker</race>
		<level>??</level>
		<health>420288</health>
		<mana>39300</mana>
		<ability_number>3</ability_number>
	</eastern_kingdoms__instance>
	<eastern_kingdoms__instance>
		<instance_name>Molten Core</instance_name>
		<boss_name>Magmadar</boss_name>
		<boss_title>None</boss_title>
		<race>Core Hound</race>
		<level>??</level>
		<health>789632</health>
		<mana>0</mana>
		<ability_number>4</ability_number>
	</eastern_kingdoms__instance>
	<eastern_kingdoms__instance>
		<instance_name>Molten Core</instance_name>
		<boss_name>Gehennas</boss_name>
		<boss_title>None</boss_title>
		<race>Flamewaker</race>
		<level>??</level>
		<health>420288</health>
		<mana>39300</mana>
		<ability_number>3</ability_number>
	</eastern_kingdoms__instance>
	<eastern_kingdoms__instance>
		<instance_name>Molten Core</instance_name>
		<boss_name>Garr</boss_name>
		<boss_title>None</boss_title>
		<race>Lava Elemental</race>
		<level>??</level>
		<health>630342</health>
		<mana>0</mana>
		<ability_number>2</ability_number>
	</eastern_kingdoms__instance>
	<eastern_kingdoms__instance>
		<instance_name>Molten Core</instance_name>
		<boss_name>Baron Geddon</boss_name>
		<boss_title>None</boss_title>
		<race>Fire Elemental</race>
		<level>??</level>
		<health>560384</health>
		<mana>0</mana>
		<ability_number>4</ability_number>
	</eastern_kingdoms__instance>
	<eastern_kingdoms__instance>
		<instance_name>Molten Core</instance_name>
		<boss_name>Shazzrah</boss_name>
		<boss_title>None</boss_title>
		<race>Flamewaker</race>
		<level>??</level>
		<health>420288</health>
		<mana>39300</mana>
		<ability_number>5</ability_number>
	</eastern_kingdoms__instance>
	<eastern_kingdoms__instance>
		<instance_name>Molten Core</instance_name>
		<boss_name>Sulfuron Harbinger</boss_name>
		<boss_title>None</boss_title>
		<race>Flamewaker</race>
		<level>??</level>
		<health>420288</health>
		<mana>0</mana>
		<ability_number>3</ability_number>
	</eastern_kingdoms__instance>
	<eastern_kingdoms__instance>
		<instance_name>Molten Core</instance_name>
		<boss_name>Golemagg the Incinerator</boss_name>
		<boss_title>None</boss_title>
		<race>Molten Giant</race>
		<level>??</level>
		<health>789632</health>
		<mana>0</mana>
		<ability_number>5</ability_number>
	</eastern_kingdoms__instance>
	<eastern_kingdoms__instance>
		<instance_name>Molten Core</instance_name>
		<boss_name>Majordomo Executus</boss_name>
		<boss_title>None</boss_title>
		<race>Flamewaker</race>
		<level>??</level>
		<health>636800</health>
		<mana>0</mana>
		<ability_number>5</ability_number>
	</eastern_kingdoms__instance>
	<eastern_kingdoms__instance>
		<instance_name>Molten Core</instance_name>
		<boss_name>Ragnaros</boss_name>
		<boss_title>None</boss_title>
		<race>Fire Elemental</race>
		<level>??</level>
		<health>1050720</health>
		<mana>0</mana>
		<ability_number>7</ability_number>
	</eastern_kingdoms__instance>
	<eastern_kingdoms__instance>
		<instance_name>Blackwing Lair (Dragonmaw Garrison)</instance_name>
		<boss_name>Razorgore the Untamed</boss_name>
		<boss_title>None</boss_title>
		<race>Dragonspawn</race>
		<level>??</level>
		<health>573120</health>
		<mana>0</mana>
		<ability_number>7</ability_number>
	</eastern_kingdoms__instance>
	<eastern_kingdoms__instance>
		<instance_name>Blackwing Lair (Dragonmaw Garrison)</instance_name>
		<boss_name>Grethok the Controller</boss_name>
		<boss_title>None</boss_title>
		<race>Orc</race>
		<level>62</level>
		<health>78500</health>
		<mana>25680</mana>
		<ability_number>4</ability_number>
	</eastern_kingdoms__instance>
	<eastern_kingdoms__instance>
		<instance_name>Blackwing Lair (Shadow Wing Lair)</instance_name>
		<boss_name>Vaelastrasz the Corrupt</boss_name>
		<boss_title>None</boss_title>
		<race>Red Wyrm</race>
		<level>??</level>
		<health>1910400</health>
		<mana>0</mana>
		<ability_number>6</ability_number>
	</eastern_kingdoms__instance>
	<eastern_kingdoms__instance>
		<instance_name>Blackwing Lair (Halls of Strife)</instance_name>
		<boss_name>Broodlord Lashlayer</boss_name>
		<boss_title>None</boss_title>
		<race>Drakonid</race>
		<level>??</level>
		<health>875600</health>
		<mana>0</mana>
		<ability_number>4</ability_number>
	</eastern_kingdoms__instance>
	<eastern_kingdoms__instance>
		<instance_name>Blackwing Lair (Crimson Laboratories)</instance_name>
		<boss_name>Firemaw</boss_name>
		<boss_title>None</boss_title>
		<race>Black Drake</race>
		<level>??</level>
		<health>955200</health>
		<mana>0</mana>
		<ability_number>5</ability_number>
	</eastern_kingdoms__instance>
	<eastern_kingdoms__instance>
		<instance_name>Blackwing Lair (Crimson Laboratories)</instance_name>
		<boss_name>Ebonroc</boss_name>
		<boss_title>None</boss_title>
		<race>Black Drake</race>
		<level>??</level>
		<health>955200</health>
		<mana>0</mana>
		<ability_number>2</ability_number>
	</eastern_kingdoms__instance>
	<eastern_kingdoms__instance>
		<instance_name>Blackwing Lair (Crimson Laboratories)</instance_name>
		<boss_name>Flamegor</boss_name>
		<boss_title>None</boss_title>
		<race>Black Drake</race>
		<level>??</level>
		<health>990000</health>
		<mana>0</mana>
		<ability_number>2</ability_number>
	</eastern_kingdoms__instance>
	<eastern_kingdoms__instance>
		<instance_name>Blackwing Lair (Crimson Laboratories)</instance_name>
		<boss_name>Chromaggus</boss_name>
		<boss_title>None</boss_title>
		<race>Drakeadon</race>
		<level>??</level>
		<health>1432800</health>
		<mana>0</mana>
		<ability_number>5</ability_number>
	</eastern_kingdoms__instance>
	<eastern_kingdoms__instance>
		<instance_name>Blackwing Lair (Nefarian's Lair)</instance_name>
		<boss_name>Nefarian</boss_name>
		<boss_title>None</boss_title>
		<race>Black Wyrm</race>
		<level>??</level>
		<health>2069600</health>
		<mana>0</mana>
		<ability_number>6</ability_number>
	</eastern_kingdoms__instance>
	<eastern_kingdoms__instance>
		<instance_name>Deadmines (Entrance)</instance_name>
		<boss_name>Glubtok</boss_name>
		<boss_title>None</boss_title>
		<race>Ogre Mage</race>
		<level>16/87</level>
		<health>12460/4149000</health>
		<mana>357/9310</mana>
		<ability_number>6</ability_number>
	</eastern_kingdoms__instance>
	<eastern_kingdoms__instance>
		<instance_name>Deadmines (Mast Room)</instance_name>
		<boss_name>Helix Gearbreaker</boss_name>
		<boss_title>The Carpenter</boss_title>
		<race>Goblin</race>
		<level>16/87</level>
		<health>7120/829940</health>
		<mana>0/0</mana>
		<ability_number>8</ability_number>
	</eastern_kingdoms__instance>
	<eastern_kingdoms__instance>
		<instance_name>Deadmines (Goblin Foundry)</instance_name>
		<boss_name>Foe Reaper 5000</boss_name>
		<boss_title>None</boss_title>
		<race>Harvest Golem</race>
		<level>16/87</level>
		<health>10680/3319760</health>
		<mana>0/0</mana>
		<ability_number>12</ability_number>
	</eastern_kingdoms__instance>
	<eastern_kingdoms__instance>
		<instance_name>Deadmines (Ironclad Cove)</instance_name>
		<boss_name>Admiral Ripsnarl</boss_name>
		<boss_title>None</boss_title>
		<race>Worgen</race>
		<level>16/87</level>
		<health>17800/4149700</health>
		<mana>0/0</mana>
		<ability_number>10</ability_number>
	</eastern_kingdoms__instance>
	<eastern_kingdoms__instance>
		<instance_name>Deadmines (Ironclad Cove)</instance_name>
		<boss_name>"Captain" Cookie</boss_name>
		<boss_title>Defias Kingpin?</boss_title>
		<race>Murloc</race>
		<level>16/87</level>
		<health>10680/4149700</health>
		<mana>0/0</mana>
		<ability_number>4</ability_number>
	</eastern_kingdoms__instance>
	<eastern_kingdoms__instance>
		<instance_name>Deadmines (Ironclad Cove)</instance_name>
		<boss_name>Vanessa VanCleef</boss_name>
		<boss_title>Defias Kingpin</boss_title>
		<race>Human</race>
		<level>87</level>
		<health>4149700</health>
		<mana>0/0</mana>
		<ability_number>18</ability_number>
	</eastern_kingdoms__instance>
	<eastern_kingdoms__instance>
		<instance_name>Gnomeregan (Hall of Gears)</instance_name>
		<boss_name>Viscous Fallout</boss_name>
		<boss_title>None</boss_title>
		<race>Water Elemental</race>
		<level>29</level>
		<health>22625</health>
		<mana>0</mana>
		<ability_number>1</ability_number>
	</eastern_kingdoms__instance>
	<eastern_kingdoms__instance>
		<instance_name>Gnomeregan (Trigg Caves)</instance_name>
		<boss_name>Grubbis</boss_name>
		<boss_title>None</boss_title>
		<race>Trogg</race>
		<level>29</level>
		<health>18100</health>
		<mana>0</mana>
		<ability_number>1</ability_number>
	</eastern_kingdoms__instance>
	<eastern_kingdoms__instance>
		<instance_name>Gnomeregan (Trigg Caves)</instance_name>
		<boss_name>Chomper</boss_name>
		<boss_title>None</boss_title>
		<race>Basilisk</race>
		<level>27</level>
		<health>1600</health>
		<mana>0</mana>
		<ability_number>0</ability_number>
	</eastern_kingdoms__instance>
	<eastern_kingdoms__instance>
		<instance_name>Gnomeregan (Launch Bay)</instance_name>
		<boss_name>Electrocutioner 6000</boss_name>
		<boss_title>None</boss_title>
		<race>Mechano/Tank</race>
		<level>29</level>
		<health>22625</health>
		<mana>0</mana>
		<ability_number>3</ability_number>
	</eastern_kingdoms__instance>
	<eastern_kingdoms__instance>
		<instance_name>Gnomeregan (Engineering Lab)</instance_name>
		<boss_name>Crowd Pummeler 9/60</boss_name>
		<boss_title>None</boss_title>
		<race>Crowd Pummeler</race>
		<level>29</level>
		<health>22625</health>
		<mana>0</mana>
		<ability_number>3</ability_number>
	</eastern_kingdoms__instance>
	<eastern_kingdoms__instance>
		<instance_name>Gnomeregan (Tinkers' Court [Entrance Tunnel])</instance_name>
		<boss_name>Dark Iron Ambassador (Rare)</boss_name>
		<boss_title>None</boss_title>
		<race>Dark Iron Dwarf</race>
		<level>29</level>
		<health>18100</health>
		<mana>1622</mana>
		<ability_number>3</ability_number>
	</eastern_kingdoms__instance>
	<eastern_kingdoms__instance>
		<instance_name>Gnomeregan (Tinkers' Court)</instance_name>
		<boss_name>Mekgineer Thermaplugg</boss_name>
		<boss_title>King of Gnomeregan</boss_title>
		<race>Leper Gnome</race>
		<level>29</level>
		<health>27150</health>
		<mana>0</mana>
		<ability_number>5</ability_number>
	</eastern_kingdoms__instance>
	<eastern_kingdoms__instance>
		<instance_name>Scarlet Halls (Huntsman's Cloister)</instance_name>
		<boss_name>Houndmaster Braun</boss_name>
		<boss_title>None</boss_title>
		<race>Human</race>
		<level>31/93</level>
		<health>30180/12647460</health>
		<mana>0</mana>
		<ability_number>6</ability_number>
	</eastern_kingdoms__instance>
	<eastern_kingdoms__instance>
		<instance_name>Scarlet Halls (Hall of Champions)</instance_name>
		<boss_name>Armsmaster Harlan</boss_name>
		<boss_title>The Ravager</boss_title>
		<race>Human</race>
		<level>31/93</level>
		<health>20120/12647760</health>
		<mana>0</mana>
		<ability_number>7</ability_number>
	</eastern_kingdoms__instance>
	<eastern_kingdoms__instance>
		<instance_name>Scarlet Halls (Athenaeum)</instance_name>
		<boss_name>Flameweaver Koegler</boss_name>
		<boss_title>None</boss_title>
		<race>Human</race>
		<level>31/93</level>
		<health>503000/14755720</health>
		<mana>17560/210280</mana>
		<ability_number>6</ability_number>
	</eastern_kingdoms__instance>
	<eastern_kingdoms__instance>
		<instance_name>Scarlet Monastery (Forlorn Cloister)</instance_name>
		<boss_name>Thalnos the Soulrender</boss_name>
		<boss_title>None</boss_title>
		<race>Skeletal Mage</race>
		<level>33/93</level>
		<health>27750/12647760</health>
		<mana>0</mana>
		<ability_number>9</ability_number>
	</eastern_kingdoms__instance>
	<eastern_kingdoms__instance>
		<instance_name>Scarlet Monastery (Chapel Gardens)</instance_name>
		<boss_name>Brother Korloff</boss_name>
		<boss_title>None</boss_title>
		<race>Human</race>
		<level>34/93</level>
		<health>29075/12647760</health>
		<mana>0</mana>
		<ability_number>5</ability_number>
	</eastern_kingdoms__instance>
	<eastern_kingdoms__instance>
		<instance_name>Scarlet Monastery (Crusader's Chapel)</instance_name>
		<boss_name>Commander Durand</boss_name>
		<boss_title>None</boss_title>
		<race>Human</race>
		<level>34/92</level>
		<health>13956/6323880</health>
		<mana>0</mana>
		<ability_number>2</ability_number>
	</eastern_kingdoms__instance>
	<eastern_kingdoms__instance>
		<instance_name>Scarlet Monastery (Crusader's Chapel)</instance_name>
		<boss_name>High Inquisitor Whitemane</boss_name>
		<boss_title>None</boss_title>
		<race>Human</race>
		<level>34/92</level>
		<health>18608/4215920</health>
		<mana>5035/51560</mana>
		<ability_number>7</ability_number>
	</eastern_kingdoms__instance>
	<eastern_kingdoms__instance>
		<instance_name>Scholomance (Reliquary)</instance_name>
		<boss_name>Instructor Chillheart</boss_name>
		<boss_title>None</boss_title>
		<race>Lich</race>
		<level>43/92</level>
		<health>27460/6745000</health>
		<mana>3575/22012</mana>
		<ability_number>8</ability_number>
	</eastern_kingdoms__instance>
	<eastern_kingdoms__instance>
		<instance_name>Scholomance (Jandice's Room)</instance_name>
		<boss_name>Jandice Barov</boss_name>
		<boss_title>None</boss_title>
		<race>Human</race>
		<level>43/92</level>
		<health>42900/10539000</health>
		<mana>4296/30936</mana>
		<ability_number>4</ability_number>
	</eastern_kingdoms__instance>
	<eastern_kingdoms__instance>
		<instance_name>Scholomance (Chamber of Summoning)</instance_name>
		<boss_name>Rattlegore</boss_name>
		<boss_title>None</boss_title>
		<race>Bone Golem</race>
		<level>43/92</level>
		<health>51480/12647000</health>
		<mana>0</mana>
		<ability_number>5</ability_number>
	</eastern_kingdoms__instance>
	<eastern_kingdoms__instance>
		<instance_name>Scholomance (Lilian's Room)</instance_name>
		<boss_name>Lilian Voss</boss_name>
		<boss_title>None</boss_title>
		<race>Forsaken</race>
		<level>43/92</level>
		<health>51480/12647000</health>
		<mana>1432/10312</mana>
		<ability_number>6</ability_number>
	</eastern_kingdoms__instance>
	<eastern_kingdoms__instance>
		<instance_name>Scholomance (Headmaster's Study)</instance_name>
		<boss_name>Darkmaster Gandling</boss_name>
		<boss_title>None</boss_title>
		<race>Human</race>
		<level>43/92</level>
		<health>60060/14755000</health>
		<mana>4296/30936</mana>
		<ability_number>8</ability_number>
	</eastern_kingdoms__instance>
	<eastern_kingdoms__instance>
		<instance_name>Shadowfang Keep (Entrance [Jail])</instance_name>
		<boss_name>Baron Ashbury</boss_name>
		<boss_title>None</boss_title>
		<race>Undead</race>
		<level>21/87</level>
		<health>11600/4149000</health>
		<mana>5100/931000</mana>
		<ability_number>6</ability_number>
	</eastern_kingdoms__instance>
	<eastern_kingdoms__instance>
		<instance_name>Shadowfang Keep (Kitchen [Dining Hall])</instance_name>
		<boss_name>Baron Silverlaine</boss_name>
		<boss_title>None</boss_title>
		<race>Ghost</race>
		<level>21/87</level>
		<health>13025/4149700</health>
		<mana>0</mana>
		<ability_number>11</ability_number>
	</eastern_kingdoms__instance>
	<eastern_kingdoms__instance>
		<instance_name>Shadowfang Keep (Kitchen [Dining Hall])</instance_name>
		<boss_name>Odo the Blindwatcher</boss_name>
		<boss_title>None</boss_title>
		<race>Worgen</race>
		<level>20/85</level>
		<health>1936/??</health>
		<mana>0</mana>
		<ability_number>0</ability_number>
	</eastern_kingdoms__instance>
	<eastern_kingdoms__instance>
		<instance_name>Shadowfang Keep (Kitchen [Dining Hall])</instance_name>
		<boss_name>Razorclaw the Butcher</boss_name>
		<boss_title>None</boss_title>
		<race>Worgen</race>
		<level>20/87</level>
		<health>1936/??</health>
		<mana>0</mana>
		<ability_number>0</ability_number>
	</eastern_kingdoms__instance>
	<eastern_kingdoms__instance>
		<instance_name>Shadowfang Keep (Kitchen [Dining Hall])</instance_name>
		<boss_name>Rethilgore</boss_name>
		<boss_title>The Cell Keeper</boss_title>
		<race>Worgen</race>
		<level>20/87</level>
		<health>1936/??</health>
		<mana>0</mana>
		<ability_number>1</ability_number>
	</eastern_kingdoms__instance>
	<eastern_kingdoms__instance>
		<instance_name>Shadowfang Keep (Kitchen [Dining Hall])</instance_name>
		<boss_name>Wolf Master Nandos</boss_name>
		<boss_title>None</boss_title>
		<race>Worgen</race>
		<level>20/87</level>
		<health>1936/??</health>
		<mana>0</mana>
		<ability_number>3</ability_number>
	</eastern_kingdoms__instance>
	<eastern_kingdoms__instance>
		<instance_name>Shadowfang Keep (Corridor)</instance_name>
		<boss_name>Commander Springvale</boss_name>
		<boss_title>None</boss_title>
		<race>Ghost</race>
		<level>21/87</level>
		<health>11600/2904790</health>
		<mana>5100/93100</mana>
		<ability_number>13</ability_number>
	</eastern_kingdoms__instance>
	<eastern_kingdoms__instance>
		<instance_name>Shadowfang Keep (Corridor)</instance_name>
		<boss_name>Deathsworn Captain (Rare)</boss_name>
		<boss_title>None</boss_title>
		<race>Ghost</race>
		<level>21</level>
		<health>3126</health>
		<mana>0</mana>
		<ability_number>2</ability_number>
	</eastern_kingdoms__instance>
	<eastern_kingdoms__instance>
		<instance_name>Shadowfang Keep</instance_name>
		<boss_name>Lord Walden</boss_name>
		<boss_title>None</boss_title>
		<race>Undead</race>
		<level>21/87</level>
		<health>11600/4149700</health>
		<mana>0</mana>
		<ability_number>6</ability_number>
	</eastern_kingdoms__instance>
	<eastern_kingdoms__instance>
		<instance_name>Shadowfang Keep</instance_name>
		<boss_name>Lord Godfrey</boss_name>
		<boss_title>None</boss_title>
		<race>Undead</race>
		<level>21/87</level>
		<health>13920/41149000</health>
		<mana>0</mana>
		<ability_number>5</ability_number>
	</eastern_kingdoms__instance>
	<eastern_kingdoms__instance>
		<instance_name>Stormwind Stockade (Main corridor)</instance_name>
		<boss_name>Randolph Moloch</boss_name>
		<boss_title>None</boss_title>
		<race>Human</race>
		<level>25</level>
		<health>17475</health>
		<mana>0</mana>
		<ability_number>3</ability_number>
	</eastern_kingdoms__instance>
	<eastern_kingdoms__instance>
		<instance_name>Stormwind Stockade (Right corridor)</instance_name>
		<boss_name>Lord Overheat</boss_name>
		<boss_title>None</boss_title>
		<race>Fire Elemental</race>
		<level>25</level>
		<health>15250</health>
		<mana>3930</mana>
		<ability_number>3</ability_number>
	</eastern_kingdoms__instance>
	<eastern_kingdoms__instance>
		<instance_name>Stormwind Stockade (Left corridor)</instance_name>
		<boss_name>Hogger</boss_name>
		<boss_title>None</boss_title>
		<race>Gnoll</race>
		<level>25</level>
		<health>20970</health>
		<mana>0</mana>
		<ability_number>3</ability_number>
	</eastern_kingdoms__instance>
	<eastern_kingdoms__instance>
		<instance_name>Stratholme (Main Entrance)</instance_name>
		<boss_name>Skul</boss_name>
		<boss_title>None</boss_title>
		<race>Skeletal Mage</race>
		<level>47</level>
		<health>20895</health>
		<mana>8062</mana>
		<ability_number>0</ability_number>
	</eastern_kingdoms__instance>
	<eastern_kingdoms__instance>
		<instance_name>Stratholme (Main Entrance)</instance_name>
		<boss_name>Stratholme Courier</boss_name>
		<boss_title>None</boss_title>
		<race>Scourge</race>
		<level>45</level>
		<health>11088</health>
		<mana>0</mana>
		<ability_number>0</ability_number>
	</eastern_kingdoms__instance>
	<eastern_kingdoms__instance>
		<instance_name>Stratholme (Main Entrance)</instance_name>
		<boss_name>Fras Siabi</boss_name>
		<boss_title>None</boss_title>
		<race>Undead</race>
		<level>47</level>
		<health>35820</health>
		<mana>0</mana>
		<ability_number>2</ability_number>
	</eastern_kingdoms__instance>
	<eastern_kingdoms__instance>
		<instance_name>Stratholme (Main Entrance)</instance_name>
		<boss_name>Hearthsinger Forresten</boss_name>
		<boss_title>None</boss_title>
		<race>Ghost</race>
		<level>47</level>
		<health>29850</health>
		<mana>0</mana>
		<ability_number>5</ability_number>
	</eastern_kingdoms__instance>
	<eastern_kingdoms__instance>
		<instance_name>Stratholme (Main Entrance)</instance_name>
		<boss_name>The Unforgiven</boss_name>
		<boss_title>None</boss_title>
		<race>Wraith</race>
		<level>47</level>
		<health>29850</health>
		<mana>0</mana>
		<ability_number>3</ability_number>
	</eastern_kingdoms__instance>
	<eastern_kingdoms__instance>
		<instance_name>Stratholme (Main Entrance)</instance_name>
		<boss_name>Timmy the Cruel</boss_name>
		<boss_title>None</boss_title>
		<race>Ghoul</race>
		<level>47</level>
		<health>49750</health>
		<mana>0</mana>
		<ability_number>3</ability_number>
	</eastern_kingdoms__instance>
	<eastern_kingdoms__instance>
		<instance_name>Stratholme (Main Entrance)</instance_name>
		<boss_name>Commander Malor</boss_name>
		<boss_title>None</boss_title>
		<race>Undead</race>
		<level>47</level>
		<health>39800</health>
		<mana>3200</mana>
		<ability_number>3</ability_number>
	</eastern_kingdoms__instance>
	<eastern_kingdoms__instance>
		<instance_name>Stratholme (Main Entrance)</instance_name>
		<boss_name>Risen Hammersmith</boss_name>
		<boss_title>None</boss_title>
		<race>Undead</race>
		<level>46</level>
		<health>15352</health>
		<mana>0</mana>
		<ability_number>0</ability_number>
	</eastern_kingdoms__instance>
	<eastern_kingdoms__instance>
		<instance_name>Stratholme (Main Entrance)</instance_name>
		<boss_name>Willey Hopebreaker</boss_name>
		<boss_title>Cannon Master</boss_title>
		<race>Undead</race>
		<level>47</level>
		<health>49750</health>
		<mana>0</mana>
		<ability_number>2</ability_number>
	</eastern_kingdoms__instance>
	<eastern_kingdoms__instance>
		<instance_name>Stratholme (Main Entrance)</instance_name>
		<boss_name>Instructor Galford</boss_name>
		<boss_title>None</boss_title>
		<race>Undead</race>
		<level>47</level>
		<health>39800</health>
		<mana>4920</mana>
		<ability_number>3</ability_number>
	</eastern_kingdoms__instance>
	<eastern_kingdoms__instance>
		<instance_name>Stratholme (Main Entrance)</instance_name>
		<boss_name>Balnazzar</boss_name>
		<boss_title>None</boss_title>
		<race>Nathrezim</race>
		<level>47</level>
		<health>47760</health>
		<mana>9840</mana>
		<ability_number>5</ability_number>
	</eastern_kingdoms__instance>
	<eastern_kingdoms__instance>
		<instance_name>Stratholme (Service Entrance)</instance_name>
		<boss_name>Postmaster Malown</boss_name>
		<boss_title>None</boss_title>
		<race>Ghost</race>
		<level>47</level>
		<health>23880</health>
		<mana>1640</mana>
		<ability_number>0</ability_number>
	</eastern_kingdoms__instance>
	<eastern_kingdoms__instance>
		<instance_name>Stratholme (Service Entrance)</instance_name>
		<boss_name>Black Guard Swordsmith</boss_name>
		<boss_title>None</boss_title>
		<race>Skeletal Warrior</race>
		<level>50</level>
		<health>17720</health>
		<mana>0</mana>
		<ability_number>0</ability_number>
	</eastern_kingdoms__instance>
	<eastern_kingdoms__instance>
		<instance_name>Stratholme (Service Entrance)</instance_name>
		<boss_name>Baroness Anastari</boss_name>
		<boss_title>None</boss_title>
		<race>Banshee</race>
		<level>51</level>
		<health>45850</health>
		<mana>7456</mana>
		<ability_number>4</ability_number>
	</eastern_kingdoms__instance>
	<eastern_kingdoms__instance>
		<instance_name>Stratholme (Service Entrance)</instance_name>
		<boss_name>Stonespine</boss_name>
		<boss_title>None</boss_title>
		<race>Gargoyle</race>
		<level>51</level>
		<health>34380</health>
		<mana>0</mana>
		<ability_number>0</ability_number>
	</eastern_kingdoms__instance>
	<eastern_kingdoms__instance>
		<instance_name>Stratholme (Service Entrance)</instance_name>
		<boss_name>Nerub'enkan</boss_name>
		<boss_title>None</boss_title>
		<race>Nerubian</race>
		<level>51</level>
		<health>57300</health>
		<mana>0</mana>
		<ability_number>1</ability_number>
	</eastern_kingdoms__instance>
	<eastern_kingdoms__instance>
		<instance_name>Stratholme (Service Entrance)</instance_name>
		<boss_name>Maleki the Pallid</boss_name>
		<boss_title>None</boss_title>
		<race>Human</race>
		<level>51</level>
		<health>40100</health>
		<mana>6759</mana>
		<ability_number>4</ability_number>
	</eastern_kingdoms__instance>
	<eastern_kingdoms__instance>
		<instance_name>Stratholme (Service Entrance)</instance_name>
		<boss_name>Magistrate Barthilas</boss_name>
		<boss_title>None</boss_title>
		<race>Wight</race>
		<level>51</level>
		<health>57300</health>
		<mana>0</mana>
		<ability_number>4</ability_number>
	</eastern_kingdoms__instance>
	<eastern_kingdoms__instance>
		<instance_name>Stratholme (Service Entrance)</instance_name>
		<boss_name>Ramstein the Gorger</boss_name>
		<boss_title>None</boss_title>
		<race>Abomination</race>
		<level>51</level>
		<health>57300</health>
		<mana>0</mana>
		<ability_number>3</ability_number>
	</eastern_kingdoms__instance>
	<eastern_kingdoms__instance>
		<instance_name>Stratholme (Service Entrance)</instance_name>
		<boss_name>Lord Aurius Rivendare</boss_name>
		<boss_title>None</boss_title>
		<race>Human</race>
		<level>51</level>
		<health>68760</health>
		<mana>9320</mana>
		<ability_number>5</ability_number>
	</eastern_kingdoms__instance>
	<eastern_kingdoms__instance>
		<instance_name>Temple of Atal'Hakkar (Lair of the Chosen)</instance_name>
		<boss_name>Jammal'an the Prophet</boss_name>
		<boss_title>None</boss_title>
		<race>Jungle Troll</race>
		<level>55</level>
		<health>31365</health>
		<mana>2117</mana>
		<ability_number>4</ability_number>
	</eastern_kingdoms__instance>
	<eastern_kingdoms__instance>
		<instance_name>Temple of Atal'Hakkar (Lair of the Chosen)</instance_name>
		<boss_name>Ogom the Wretched</boss_name>
		<boss_title>None</boss_title>
		<race>Jungle Troll</race>
		<level>54</level>
		<health>20260</health>
		<mana>4082</mana>
		<ability_number>3</ability_number>
	</eastern_kingdoms__instance>
	<eastern_kingdoms__instance>
		<instance_name>Temple of Atal'Hakkar (Pit of Sacrifice)</instance_name>
		<boss_name>Wardens of the Dream</boss_name>
		<boss_title>None</boss_title>
		<race>Green Drake</race>
		<level>50</level>
		<health>N/A</health>
		<mana>0</mana>
		<ability_number>2</ability_number>
	</eastern_kingdoms__instance>
	<eastern_kingdoms__instance>
		<instance_name>Temple of Atal'Hakkar (Pit of Sacrifice)</instance_name>
		<boss_name>Dreamscythe</boss_name>
		<boss_title>None</boss_title>
		<race>Green Drake</race>
		<level>55</level>
		<health>31368</health>
		<mana>0</mana>
		<ability_number>2</ability_number>
	</eastern_kingdoms__instance>
	<eastern_kingdoms__instance>
		<instance_name>Temple of Atal'Hakkar (Pit of Sacrifice)</instance_name>
		<boss_name>Hazzas</boss_name>
		<boss_title>None</boss_title>
		<race>Green Drake</race>
		<level>55</level>
		<health>31368</health>
		<mana>0</mana>
		<ability_number>2</ability_number>
	</eastern_kingdoms__instance>
	<eastern_kingdoms__instance>
		<instance_name>Temple of Atal'Hakkar (Pit of Sacrifice)</instance_name>
		<boss_name>Morphaz</boss_name>
		<boss_title>None</boss_title>
		<race>Green Drake</race>
		<level>55</level>
		<health>31368</health>
		<mana>0</mana>
		<ability_number>2</ability_number>
	</eastern_kingdoms__instance>
	<eastern_kingdoms__instance>
		<instance_name>Temple of Atal'Hakkar (Pit of Sacrifice)</instance_name>
		<boss_name>Weaver</boss_name>
		<boss_title>None</boss_title>
		<race>Green Drake</race>
		<level>55</level>
		<health>31368</health>
		<mana>0</mana>
		<ability_number>2</ability_number>
	</eastern_kingdoms__instance>
	<eastern_kingdoms__instance>
		<instance_name>Temple of Atal'Hakkar (Chamber of the Dreamer)</instance_name>
		<boss_name>Shade of Eranikus</boss_name>
		<boss_title>None</boss_title>
		<race>Shade</race>
		<level>55</level>
		<health>78420</health>
		<mana>0</mana>
		<ability_number>4</ability_number>
	</eastern_kingdoms__instance>
	<eastern_kingdoms__instance>
		<instance_name>Temple of Atal'Hakkar (Sanctum of the Fallen God)</instance_name>
		<boss_name>Avatar of Hakkar</boss_name>
		<boss_title>None</boss_title>
		<race>Skeletal Wind Serpent</race>
		<level>53/54</level>
		<health>49050/50650</health>
		<mana>0</mana>
		<ability_number>3</ability_number>
	</eastern_kingdoms__instance>
	<eastern_kingdoms__instance>
		<instance_name>Uldaman (Hall of Keepers)</instance_name>
		<boss_name>Revelosh</boss_name>
		<boss_title>None</boss_title>
		<race>Trogg</race>
		<level>39/40</level>
		<health>3500/3800</health>
		<mana>2472/2566</mana>
		<ability_number>2</ability_number>
	</eastern_kingdoms__instance>
	<eastern_kingdoms__instance>
		<instance_name>Uldaman (Dig Two)</instance_name>
		<boss_name>The Lost Dwarves</boss_name>
		<boss_title>None</boss_title>
		<race>Dwarves</race>
		<level>39</level>
		<health>11672</health>
		<mana>0</mana>
		<ability_number>4</ability_number>
	</eastern_kingdoms__instance>
	<eastern_kingdoms__instance>
		<instance_name>Uldaman (Map Chamber)</instance_name>
		<boss_name>Ironaya</boss_name>
		<boss_title>None</boss_title>
		<race>Titanic Watcher</race>
		<level>39/40</level>
		<health>14000/15000</health>
		<mana>0</mana>
		<ability_number>3</ability_number>
	</eastern_kingdoms__instance>
	<eastern_kingdoms__instance>
		<instance_name>Uldaman (Echomok Cavern)</instance_name>
		<boss_name>Obsidian Sentinel</boss_name>
		<boss_title>None</boss_title>
		<race>Stone Keeper</race>
		<level>40</level>
		<health>12192</health>
		<mana>0</mana>
		<ability_number>3</ability_number>
	</eastern_kingdoms__instance>
	<eastern_kingdoms__instance>
		<instance_name>Uldaman (Temple Hall)</instance_name>
		<boss_name>Ancient Stone Keeper</boss_name>
		<boss_title>None</boss_title>
		<race>Stone Keeper</race>
		<level>40</level>
		<health>38100</health>
		<mana>0</mana>
		<ability_number>1</ability_number>
	</eastern_kingdoms__instance>
	<eastern_kingdoms__instance>
		<instance_name>Uldaman (Dig Three)</instance_name>
		<boss_name>Galgann Firehammer</boss_name>
		<boss_title>None</boss_title>
		<race>Dwarf</race>
		<level>40</level>
		<health>11000</health>
		<mana>1283</mana>
		<ability_number>3</ability_number>
	</eastern_kingdoms__instance>
	<eastern_kingdoms__instance>
		<instance_name>Uldaman (The Stone Vault)</instance_name>
		<boss_name>Grimlok</boss_name>
		<boss_title>Stonevault Chieftain</boss_title>
		<race>Trogg</race>
		<level>40</level>
		<health>6100</health>
		<mana>2566</mana>
		<ability_number>4</ability_number>
	</eastern_kingdoms__instance>
	<eastern_kingdoms__instance>
		<instance_name>Uldaman (Khaz'goroth's Seat)</instance_name>
		<boss_name>Archaedas</boss_name>
		<boss_title>Ancient Stone Watcher</boss_title>
		<race>Stone Watcher</race>
		<level>40</level>
		<health>22860</health>
		<mana>0</mana>
		<ability_number>1</ability_number>
	</eastern_kingdoms__instance>
</wow_schema_eastern_kingdoms>