<?xml version="1.0" encoding="UTF-8" standalone="yes"?>
<wow_schema_kalimdor xmlns:xsi="http://www.w3.org/2001/XMLSchema-instance">
	<kalimdor_instance>
		<instance_name>Blackfathom Deeps</instance_name>
		<boss_name>Ghamoo'Ra</boss_name>
		<boss_title>None</boss_title>
		<race>Turtle</race>
		<level>24</level>
		<health>13020</health>
		<mana>0</mana>
		<ability_number>1</ability_number>
	</kalimdor_instance>
	<kalimdor_instance>
		<instance_name>Blackfathom Deeps</instance_name>
		<boss_name>Lady Sarevess</boss_name>
		<boss_title>None</boss_title>
		<race>Naga</race>
		<level>24</level>
		<health>14275</health>
		<mana>1854</mana>
		<ability_number>3</ability_number>
	</kalimdor_instance>
	<kalimdor_instance>
		<instance_name>Blackfathom Deeps</instance_name>
		<boss_name>Lorgus Jett (Rare)</boss_name>
		<boss_title>None</boss_title>
		<race>Human</race>
		<level>25</level>
		<health>6100</health>
		<mana>1310</mana>
		<ability_number>2</ability_number>
	</kalimdor_instance>
	<kalimdor_instance>
		<instance_name>Blackfathom Deeps</instance_name>
		<boss_name>Gelihast</boss_name>
		<boss_title>None</boss_title>
		<race>Murloc</race>
		<level>25</level>
		<health>17475</health>
		<mana>0</mana>
		<ability_number>1</ability_number>
	</kalimdor_instance>
	<kalimdor_instance>
		<instance_name>Blackfathom Deeps</instance_name>
		<boss_name>Baron Aquanis</boss_name>
		<boss_title>None</boss_title>
		<race>Water Elemental</race>
		<level>24</level>
		<health>4557</health>
		<mana>618</mana>
		<ability_number>2</ability_number>
	</kalimdor_instance>
	<kalimdor_instance>
		<instance_name>Blackfathom Deeps</instance_name>
		<boss_name>Old Serra'kis</boss_name>
		<boss_title>None</boss_title>
		<race>Threshadon</race>
		<level>25</level>
		<health>17475</health>
		<mana>0</mana>
		<ability_number>1</ability_number>
	</kalimdor_instance>
	<kalimdor_instance>
		<instance_name>Blackfathom Deeps</instance_name>
		<boss_name>Twilight Lord Kelris</boss_name>
		<boss_title>None</boss_title>
		<race>Orc</race>
		<level>25</level>
		<health>15250</health>
		<mana>1638</mana>
		<ability_number>2</ability_number>
	</kalimdor_instance>
	<kalimdor_instance>
		<instance_name>Blackfathom Deeps</instance_name>
		<boss_name>Aku'mai</boss_name>
		<boss_title>None</boss_title>
		<race>Hydra</race>
		<level>25</level>
		<health>20970</health>
		<mana>0</mana>
		<ability_number>2</ability_number>
	</kalimdor_instance>
	<kalimdor_instance>
		<instance_name>Dire Maul (East)</instance_name>
		<boss_name>Pusillin</boss_name>
		<boss_title>None</boss_title>
		<race>Imp</race>
		<level>40</level>
		<health>7356</health>
		<mana>7698</mana>
		<ability_number>5</ability_number>
	</kalimdor_instance>
	<kalimdor_instance>
		<instance_name>Dire Maul (East)</instance_name>
		<boss_name>Zevrim Thornhoof</boss_name>
		<boss_title>None</boss_title>
		<race>Satyr</race>
		<level>40</level>
		<health>38100</health>
		<mana>0</mana>
		<ability_number>2</ability_number>
	</kalimdor_instance>
	<kalimdor_instance>
		<instance_name>Dire Maul (East)</instance_name>
		<boss_name>Hydrospawn</boss_name>
		<boss_title>None</boss_title>
		<race>Water Elemental</race>
		<level>40</level>
		<health>12260</health>
		<mana>3849</mana>
		<ability_number>5</ability_number>
	</kalimdor_instance>
	<kalimdor_instance>
		<instance_name>Dire Maul (East)</instance_name>
		<boss_name>Lethtendris</boss_name>
		<boss_title>None</boss_title>
		<race>Blood Elf</race>
		<level>40</level>
		<health>24520</health>
		<mana>5132</mana>
		<ability_number>6</ability_number>
	</kalimdor_instance>
	<kalimdor_instance>
		<instance_name>Dire Maul (East)</instance_name>
		<boss_name>Alzzin the Wildshaper</boss_name>
		<boss_title>None</boss_title>
		<race>Satyr</race>
		<level>41</level>
		<health>38040</health>
		<mana>6660</mana>
		<ability_number>10</ability_number>
	</kalimdor_instance>
	<kalimdor_instance>
		<instance_name>Dire Maul (North)</instance_name>
		<boss_name>Guard Mol'dar</boss_name>
		<boss_title>None</boss_title>
		<race>Ogre</race>
		<level>59</level>
		<health>57570</health>
		<mana>0</mana>
		<ability_number>5</ability_number>
	</kalimdor_instance>
	<kalimdor_instance>
		<instance_name>Dire Maul (North)</instance_name>
		<boss_name>Stomper Kreeg</boss_name>
		<boss_title>The Drunk</boss_title>
		<race>Ogre</race>
		<level>41</level>
		<health>38380</health>
		<mana>0</mana>
		<ability_number>6</ability_number>
	</kalimdor_instance>
	<kalimdor_instance>
		<instance_name>Dire Maul (North)</instance_name>
		<boss_name>Guard Fengus</boss_name>
		<boss_title>None</boss_title>
		<race>Ogre</race>
		<level>59</level>
		<health>57570</health>
		<mana>0</mana>
		<ability_number>5</ability_number>
	</kalimdor_instance>
	<kalimdor_instance>
		<instance_name>Dire Maul (North)</instance_name>
		<boss_name>Guard Slip'kik</boss_name>
		<boss_title>None</boss_title>
		<race>Ogre</race>
		<level>59</level>
		<health>59700</health>
		<mana>0</mana>
		<ability_number>5</ability_number>
	</kalimdor_instance>
	<kalimdor_instance>
		<instance_name>Dire Maul (North)</instance_name>
		<boss_name>Captain Kromcrush</boss_name>
		<boss_title>None</boss_title>
		<race>Ogre</race>
		<level>47</level>
		<health>49750</health>
		<mana>0</mana>
		<ability_number>9</ability_number>
	</kalimdor_instance>
	<kalimdor_instance>
		<instance_name>Dire Maul (North)</instance_name>
		<boss_name>King Gordok</boss_name>
		<boss_title>None</boss_title>
		<race>Ogre</race>
		<level>47</level>
		<health>49750</health>
		<mana>0</mana>
		<ability_number>4</ability_number>
	</kalimdor_instance>
	<kalimdor_instance>
		<instance_name>Dire Maul (North)</instance_name>
		<boss_name>Cho'Rush the Observer</boss_name>
		<boss_title>None</boss_title>
		<race>Ogre</race>
		<level>46</level>
		<health>19190</health>
		<mana>6348</mana>
		<ability_number>13</ability_number>
	</kalimdor_instance>
	<kalimdor_instance>
		<instance_name>Dire Maul (West)</instance_name>
		<boss_name>Tendris Warpwood</boss_name>
		<boss_title>None</boss_title>
		<race>Corrupted Ancient</race>
		<level>43</level>
		<health>42900</health>
		<mana>0</mana>
		<ability_number>7</ability_number>
	</kalimdor_instance>
	<kalimdor_instance>
		<instance_name>Dire Maul (West)</instance_name>
		<boss_name>Illyanna Ravenoak</boss_name>
		<boss_title>None</boss_title>
		<race>Highborne</race>
		<level>44</level>
		<health>25668</health>
		<mana>4449</mana>
		<ability_number>7</ability_number>
	</kalimdor_instance>
	<kalimdor_instance>
		<instance_name>Dire Maul (West)</instance_name>
		<boss_name>Magister Kalendris</boss_name>
		<boss_title>None</boss_title>
		<race>Ghost</race>
		<level>44</level>
		<health>35650</health>
		<mana>5932</mana>
		<ability_number>5</ability_number>
	</kalimdor_instance>
	<kalimdor_instance>
		<instance_name>Dire Maul (West)</instance_name>
		<boss_name>Immol'thar</boss_name>
		<boss_title>None</boss_title>
		<race>Void Terror</race>
		<level>44</level>
		<health>44550</health>
		<mana>0</mana>
		<ability_number>6</ability_number>
	</kalimdor_instance>
	<kalimdor_instance>
		<instance_name>Dire Maul (West)</instance_name>
		<boss_name>Prince Tortheldrin</boss_name>
		<boss_title>Ruler of Shen'dralar</boss_title>
		<race>Highborne</race>
		<level>44</level>
		<health>106920</health>
		<mana>0</mana>
		<ability_number>5</ability_number>
	</kalimdor_instance>
	<kalimdor_instance>
		<instance_name>Maraudon (Entrance)</instance_name>
		<boss_name>Cursed Centaur (Rare)</boss_name>
		<boss_title>None</boss_title>
		<race>Centaur</race>
		<level>35</level>
		<health>1830</health>
		<mana>0</mana>
		<ability_number>1</ability_number>
	</kalimdor_instance>
	<kalimdor_instance>
		<instance_name>Maraudon (Entrance)</instance_name>
		<boss_name>The Nameless Prophet</boss_name>
		<boss_title>None</boss_title>
		<race>Centaur</race>
		<level>35</level>
		<health>4036</health>
		<mana>1067</mana>
		<ability_number>3</ability_number>
	</kalimdor_instance>
	<kalimdor_instance>
		<instance_name>Maraudon (The Wicked Grotto)</instance_name>
		<boss_name>Lord Vyletongue</boss_name>
		<boss_title>None</boss_title>
		<race>Satyr</race>
		<level>35</level>
		<health>30500</health>
		<mana>0</mana>
		<ability_number>4</ability_number>
	</kalimdor_instance>
	<kalimdor_instance>
		<instance_name>Maraudon (The Wicked Grotto)</instance_name>
		<boss_name>Tinkerer Gizlock</boss_name>
		<boss_title>None</boss_title>
		<race>Goblin</race>
		<level>35</level>
		<health>30500</health>
		<mana>0</mana>
		<ability_number>4</ability_number>
	</kalimdor_instance>
	<kalimdor_instance>
		<instance_name>Maraudon (Poison Falls)</instance_name>
		<boss_name>Celebras the Cursed</boss_name>
		<boss_title>None</boss_title>
		<race>Keeper of the Grove</race>
		<level>37</level>
		<health>27325</health>
		<mana>4568</mana>
		<ability_number>5</ability_number>
	</kalimdor_instance>
	<kalimdor_instance>
		<instance_name>Maraudon (Poison Falls)</instance_name>
		<boss_name>Meshlok the Harvester (Rare)</boss_name>
		<boss_title>None</boss_title>
		<race>Bog Beast</race>
		<level>37</level>
		<health>21376</health>
		<mana>0</mana>
		<ability_number>2</ability_number>
	</kalimdor_instance>
	<kalimdor_instance>
		<instance_name>Maraudon (Foulspore Cavern)</instance_name>
		<boss_name>Noxxion</boss_name>
		<boss_title>None</boss_title>
		<race>Water Elemental</race>
		<level>37</level>
		<health>33400</health>
		<mana>0</mana>
		<ability_number>4</ability_number>
	</kalimdor_instance>
	<kalimdor_instance>
		<instance_name>Maraudon (Foulspore Cavern)</instance_name>
		<boss_name>Razorlash</boss_name>
		<boss_title>None</boss_title>
		<race>Lasher</race>
		<level>37</level>
		<health>33400</health>
		<mana>0</mana>
		<ability_number>3</ability_number>
	</kalimdor_instance>
	<kalimdor_instance>
		<instance_name>Maraudon (Earth Song Falls)</instance_name>
		<boss_name>Landslide</boss_name>
		<boss_title>None</boss_title>
		<race>Mountain Giant</race>
		<level>39</level>
		<health>36475</health>
		<mana>0</mana>
		<ability_number>4</ability_number>
	</kalimdor_instance>
	<kalimdor_instance>
		<instance_name>Maraudon (Earth Song Falls)</instance_name>
		<boss_name>Princess Theradras</boss_name>
		<boss_title>None</boss_title>
		<race>Earth Elemental</race>
		<level>39</level>
		<health>43770</health>
		<mana>0</mana>
		<ability_number>4</ability_number>
	</kalimdor_instance>
	<kalimdor_instance>
		<instance_name>Maraudon (Earth Song Falls)</instance_name>
		<boss_name>Rotgrip</boss_name>
		<boss_title>None</boss_title>
		<race>Crocolisk</race>
		<level>39</level>
		<health>36475</health>
		<mana>0</mana>
		<ability_number>2</ability_number>
	</kalimdor_instance>
	<kalimdor_instance>
		<instance_name>Ragefire Chasm</instance_name>
		<boss_name>Adarogg</boss_name>
		<boss_title>None</boss_title>
		<race>Flame Hound</race>
		<level>16</level>
		<health>10680</health>
		<mana>0</mana>
		<ability_number>2</ability_number>
	</kalimdor_instance>
	<kalimdor_instance>
		<instance_name>Ragefire Chasm</instance_name>
		<boss_name>Dark Shaman Koranthal</boss_name>
		<boss_title>None</boss_title>
		<race>Orc</race>
		<level>16</level>
		<health>10545</health>
		<mana>4280</mana>
		<ability_number>2</ability_number>
	</kalimdor_instance>
	<kalimdor_instance>
		<instance_name>Ragefire Chasm</instance_name>
		<boss_name>Slagmaw</boss_name>
		<boss_title>None</boss_title>
		<race>Lava Worm</race>
		<level>16</level>
		<health>10680</health>
		<mana>0</mana>
		<ability_number>1</ability_number>
	</kalimdor_instance>
	<kalimdor_instance>
		<instance_name>Ragefire Chasm</instance_name>
		<boss_name>Lava Guard Gordoth</boss_name>
		<boss_title>None</boss_title>
		<race>Dire Orc</race>
		<level>16</level>
		<health>10680</health>
		<mana>0</mana>
		<ability_number>3</ability_number>
	</kalimdor_instance>
	<kalimdor_instance>
		<instance_name>Razorfen Kraul</instance_name>
		<boss_name>Overlord Ramrusk</boss_name>
		<boss_title>None</boss_title>
		<race>Quilboar</race>
		<level>35</level>
		<health>30500</health>
		<mana>0</mana>
		<ability_number>5</ability_number>
	</kalimdor_instance>
	<kalimdor_instance>
		<instance_name>Razorfen Kraul</instance_name>
		<boss_name>Agathelos the Raging</boss_name>
		<boss_title>None</boss_title>
		<race>Boar</race>
		<level>35</level>
		<health>30500</health>
		<mana>0</mana>
		<ability_number>4</ability_number>
	</kalimdor_instance>
	<kalimdor_instance>
		<instance_name>Razorfen Kraul</instance_name>
		<boss_name>Death Speaker Jargba</boss_name>
		<boss_title>Death's Head Captain</boss_title>
		<race>Quilboar</race>
		<level>35</level>
		<health>3500</health>
		<mana>2134</mana>
		<ability_number>2</ability_number>
	</kalimdor_instance>
	<kalimdor_instance>
		<instance_name>Razorfen Kraul</instance_name>
		<boss_name>Aggem Thorncurse</boss_name>
		<boss_title>Death's Head Prophet</boss_title>
		<race>Quilboar</race>
		<level>35</level>
		<health>30500</health>
		<mana>3201</mana>
		<ability_number>4</ability_number>
	</kalimdor_instance>
	<kalimdor_instance>
		<instance_name>Razorfen Kraul</instance_name>
		<boss_name>Roogug</boss_name>
		<boss_title>None</boss_title>
		<race>Quilboar</race>
		<level>34</level>
		<health>13956</health>
		<mana>1007</mana>
		<ability_number>2</ability_number>
	</kalimdor_instance>
	<kalimdor_instance>
		<instance_name>Razorfen Kraul</instance_name>
		<boss_name>Blind Hunter (Rare)</boss_name>
		<boss_title>None</boss_title>
		<race>Bat</race>
		<level>35</level>
		<health>19520</health>
		<mana>0</mana>
		<ability_number>0</ability_number>
	</kalimdor_instance>
	<kalimdor_instance>
		<instance_name>Razorfen Kraul</instance_name>
		<boss_name>Earthcaller Halmgar (Rare)</boss_name>
		<boss_title>None</boss_title>
		<race>Quilboar</race>
		<level>35</level>
		<health>19520</health>
		<mana>1067</mana>
		<ability_number>3</ability_number>
	</kalimdor_instance>
	<kalimdor_instance>
		<instance_name>Razorfen Kraul</instance_name>
		<boss_name>Charlga Razorflank</boss_name>
		<boss_title>The Crone</boss_title>
		<race>Quilboar</race>
		<level>35</level>
		<health>30270</health>
		<mana>3201</mana>
		<ability_number>4</ability_number>
	</kalimdor_instance>
	<kalimdor_instance>
		<instance_name>Razorfen Downs (The Caller's Chamber)</instance_name>
		<boss_name>Tuten'kash</boss_name>
		<boss_title>None</boss_title>
		<race>Crypt Fiend</race>
		<level>45</level>
		<health>46200</health>
		<mana>0</mana>
		<ability_number>3</ability_number>
	</kalimdor_instance>
	<kalimdor_instance>
		<instance_name>Razorfen Downs (The Murder Pens)</instance_name>
		<boss_name>Plaguemaw the Rotting</boss_name>
		<boss_title>None</boss_title>
		<race>Undead Quilboar</race>
		<level>45</level>
		<health>46200</health>
		<mana>0</mana>
		<ability_number>2</ability_number>
	</kalimdor_instance>
	<kalimdor_instance>
		<instance_name>Razorfen Downs (The Bone Pile)</instance_name>
		<boss_name>Mordresh Fire Eye</boss_name>
		<boss_title>None</boss_title>
		<race>Skeleton</race>
		<level>45</level>
		<health>36962</health>
		<mana>11403</mana>
		<ability_number>2</ability_number>
	</kalimdor_instance>
	<kalimdor_instance>
		<instance_name>Razorfen Downs (Spiral of Thorns [Beginning])</instance_name>
		<boss_name>Glutton</boss_name>
		<boss_title>None</boss_title>
		<race>Abomination</race>
		<level>45</level>
		<health>46200</health>
		<mana>0</mana>
		<ability_number>2</ability_number>
	</kalimdor_instance>
	<kalimdor_instance>
		<instance_name>Razorfen Downs (Spiral of Thorns [Beginning])</instance_name>
		<boss_name>Ragglesnout</boss_name>
		<boss_title>None</boss_title>
		<race>Quilboar</race>
		<level>45</level>
		<health>22178</health>
		<mana>3801</mana>
		<ability_number>0</ability_number>
	</kalimdor_instance>
	<kalimdor_instance>
		<instance_name>Razorfen Downs (Spiral of Thorns)</instance_name>
		<boss_name>Amnennar the Coldbringer</boss_name>
		<boss_title>The Cold</boss_title>
		<race>Lich</race>
		<level>45</level>
		<health>55440</health>
		<mana>12272</mana>
		<ability_number>6</ability_number>
	</kalimdor_instance>
	<kalimdor_instance>
		<instance_name>Ruins of Ahn'Qiraj (Scarab Terrace)</instance_name>
		<boss_name>Kurinnaxx</boss_name>
		<boss_title>None</boss_title>
		<race>Sand Reaver</race>
		<level>??</level>
		<health>378400</health>
		<mana>0</mana>
		<ability_number>7</ability_number>
	</kalimdor_instance>
	<kalimdor_instance>
		<instance_name>Ruins of Ahn'Qiraj (General's Terrace)</instance_name>
		<boss_name>General Rajaxx</boss_name>
		<boss_title>None</boss_title>
		<race>Qiraji</race>
		<level>??</level>
		<health>398000</health>
		<mana>0</mana>
		<ability_number>16</ability_number>
	</kalimdor_instance>
	<kalimdor_instance>
		<instance_name>Ruins of Ahn'Qiraj (Reservoir)</instance_name>
		<boss_name>Moam</boss_name>
		<boss_title>None</boss_title>
		<race>Obsidian Destroyer</race>
		<level>??</level>
		<health>413920</health>
		<mana>26200</mana>
		<ability_number>7</ability_number>
	</kalimdor_instance>
	<kalimdor_instance>
		<instance_name>Ruins of Ahn'Qiraj (Hatchery)</instance_name>
		<boss_name>Buru the Gorger</boss_name>
		<boss_title>None</boss_title>
		<race>Silithid Colossus</race>
		<level>??</level>
		<health>796000</health>
		<mana>0</mana>
		<ability_number>6</ability_number>
	</kalimdor_instance>
	<kalimdor_instance>
		<instance_name>Ruins of Ahn'Qiraj (Comb)</instance_name>
		<boss_name>Ayamiss the Hunter</boss_name>
		<boss_title>None</boss_title>
		<race>Silithid Wasp</race>
		<level>??</level>
		<health>318400</health>
		<mana>0</mana>
		<ability_number>6</ability_number>
	</kalimdor_instance>
	<kalimdor_instance>
		<instance_name>Ruins of Ahn'Qiraj (Watcher's Terrace)</instance_name>
		<boss_name>Ossirian the Unscarred</boss_name>
		<boss_title>None</boss_title>
		<race>Anubisath</race>
		<level>??</level>
		<health>477600</health>
		<mana>0</mana>
		<ability_number>5</ability_number>
	</kalimdor_instance>
	<kalimdor_instance>
		<instance_name>Temple of Ahn'Qiraj</instance_name>
		<boss_name>The Prophet Skeram</boss_name>
		<boss_title>None</boss_title>
		<race>Qiraji</race>
		<level>??</level>
		<health>557200</health>
		<mana>393000</mana>
		<ability_number>6</ability_number>
	</kalimdor_instance>
	<kalimdor_instance>
		<instance_name>Temple of Ahn'Qiraj</instance_name>
		<boss_name>Lord Kri</boss_name>
		<boss_title>Silithid Royalty</boss_title>
		<race>Silithid Colossus</race>
		<level>??</level>
		<health>254720</health>
		<mana>0</mana>
		<ability_number>4</ability_number>
	</kalimdor_instance>
	<kalimdor_instance>
		<instance_name>Temple of Ahn'Qiraj</instance_name>
		<boss_name>Princess Yauj</boss_name>
		<boss_title>Silithid Royalty</boss_title>
		<race>Silithid Colossus</race>
		<level>??</level>
		<health>286560</health>
		<mana>0</mana>
		<ability_number>3</ability_number>
	</kalimdor_instance>
	<kalimdor_instance>
		<instance_name>Temple of Ahn'Qiraj</instance_name>
		<boss_name>Vem</boss_name>
		<boss_title>Silithid Royalty</boss_title>
		<race>Silithid Colossus</race>
		<level>??</level>
		<health>286560</health>
		<mana>0</mana>
		<ability_number>4</ability_number>
	</kalimdor_instance>
	<kalimdor_instance>
		<instance_name>Temple of Ahn'Qiraj</instance_name>
		<boss_name>Battleguard Sartura</boss_name>
		<boss_title>None</boss_title>
		<race>Qiraji</race>
		<level>??</level>
		<health>71640</health>
		<mana>0</mana>
		<ability_number>6</ability_number>
	</kalimdor_instance>
	<kalimdor_instance>
		<instance_name>Temple of Ahn'Qiraj</instance_name>
		<boss_name>Fankriss the Unyielding</boss_name>
		<boss_title>None</boss_title>
		<race>Sand Reaver</race>
		<level>??</level>
		<health>955200</health>
		<mana>0</mana>
		<ability_number>5</ability_number>
	</kalimdor_instance>
	<kalimdor_instance>
		<instance_name>Temple of Ahn'Qiraj</instance_name>
		<boss_name>Viscidus</boss_name>
		<boss_title>None</boss_title>
		<race>Ooze</race>
		<level>??</level>
		<health>1910400</health>
		<mana>0</mana>
		<ability_number>14</ability_number>
	</kalimdor_instance>
	<kalimdor_instance>
		<instance_name>Temple of Ahn'Qiraj</instance_name>
		<boss_name>Princess Huhuran</boss_name>
		<boss_title>None</boss_title>
		<race>Silithis Wasp</race>
		<level>??</level>
		<health>955200</health>
		<mana>0</mana>
		<ability_number>6</ability_number>
	</kalimdor_instance>
	<kalimdor_instance>
		<instance_name>Temple of Ahn'Qiraj</instance_name>
		<boss_name>Emperor Vek'lor</boss_name>
		<boss_title>Twin Emperors</boss_title>
		<race>Qiraji</race>
		<level>??</level>
		<health>1732250</health>
		<mana>471600</mana>
		<ability_number>11</ability_number>
	</kalimdor_instance>
	<kalimdor_instance>
		<instance_name>Temple of Ahn'Qiraj</instance_name>
		<boss_name>Emperor Vek'nilash</boss_name>
		<boss_title>Twin Emperors</boss_title>
		<race>Qiraji</race>
		<level>??</level>
		<health>2165150</health>
		<mana>0</mana>
		<ability_number>10</ability_number>
	</kalimdor_instance>
	<kalimdor_instance>
		<instance_name>Temple of Ahn'Qiraj</instance_name>
		<boss_name>Ouro</boss_name>
		<boss_title>None</boss_title>
		<race>Sand Worm</race>
		<level>??</level>
		<health>1910400</health>
		<mana>0</mana>
		<ability_number>6</ability_number>
	</kalimdor_instance>
	<kalimdor_instance>
		<instance_name>Temple of Ahn'Qiraj</instance_name>
		<boss_name>C'Thun</boss_name>
		<boss_title>None</boss_title>
		<race>Old God</race>
		<level>??</level>
		<health>2228800</health>
		<mana>0</mana>
		<ability_number>7</ability_number>
	</kalimdor_instance>
	<kalimdor_instance>
		<instance_name>Wailing Caverns (Entrance)</instance_name>
		<boss_name>Trigore the Lasher (Rare)</boss_name>
		<boss_title>None</boss_title>
		<race>Hydra</race>
		<level>17</level>
		<health>482</health>
		<mana>0</mana>
		<ability_number>0</ability_number>
	</kalimdor_instance>
	<kalimdor_instance>
		<instance_name>Wailing Caverns (Entrance)</instance_name>
		<boss_name>Boahn (Rare)</boss_name>
		<boss_title>Druid of the Fang</boss_title>
		<race>Night Elf</race>
		<level>17</level>
		<health>525</health>
		<mana>390</mana>
		<ability_number>4</ability_number>
	</kalimdor_instance>
	<kalimdor_instance>
		<instance_name>Wailing Caverns (Screaming Gully)</instance_name>
		<boss_name>Lady Anacondra</boss_name>
		<boss_title>Fanglord</boss_title>
		<race>Night Elf</race>
		<level>20</level>
		<health>10825</health>
		<mana>1470</mana>
		<ability_number>4</ability_number>
	</kalimdor_instance>
	<kalimdor_instance>
		<instance_name>Wailing Caverns (Pit of Fangs [River])</instance_name>
		<boss_name>Kresh</boss_name>
		<boss_title>None</boss_title>
		<race>Turtle</race>
		<level>20</level>
		<health>4840</health>
		<mana>0</mana>
		<ability_number>1</ability_number>
	</kalimdor_instance>
	<kalimdor_instance>
		<instance_name>Wailing Caverns (Pit of Fangs)</instance_name>
		<boss_name>Lord Cobrahn</boss_name>
		<boss_title>Fanglord</boss_title>
		<race>Night Elf</race>
		<level>20</level>
		<health>10825</health>
		<mana>1470</mana>
		<ability_number>5</ability_number>
	</kalimdor_instance>
	<kalimdor_instance>
		<instance_name>Wailing Caverns (Pit of Fangs)</instance_name>
		<boss_name>Lord Pythas</boss_name>
		<boss_title>Fanglord</boss_title>
		<race>Night Elf</race>
		<level>20</level>
		<health>10825</health>
		<mana>0</mana>
		<ability_number>4</ability_number>
	</kalimdor_instance>
	<kalimdor_instance>
		<instance_name>Wailing Caverns (Crag of the Everliving)</instance_name>
		<boss_name>Skum</boss_name>
		<boss_title>None</boss_title>
		<race>Thunder Lizard</race>
		<level>20</level>
		<health>12100</health>
		<mana>0</mana>
		<ability_number>1</ability_number>
	</kalimdor_instance>
	<kalimdor_instance>
		<instance_name>Wailing Caverns (Crag of the Everliving)</instance_name>
		<boss_name>Lord Serpentis</boss_name>
		<boss_title>Fanglord</boss_title>
		<race>Night Elf</race>
		<level>20</level>
		<health>10825</health>
		<mana>1470</mana>
		<ability_number>3</ability_number>
	</kalimdor_instance>
	<kalimdor_instance>
		<instance_name>Wailing Caverns (Crag of the Everliving)</instance_name>
		<boss_name>Verdan the Everliving</boss_name>
		<boss_title>None</boss_title>
		<race>Bog Beast</race>
		<level>20</level>
		<health>12100</health>
		<mana>0</mana>
		<ability_number>1</ability_number>
	</kalimdor_instance>
	<kalimdor_instance>
		<instance_name>Wailing Caverns (Crag of the Everliving)</instance_name>
		<boss_name>Deviate Faerie Dragon (Rare)</boss_name>
		<boss_title>None</boss_title>
		<race>Faerie Dragon</race>
		<level>19</level>
		<health>4490</health>
		<mana>0</mana>
		<ability_number>0</ability_number>
	</kalimdor_instance>
	<kalimdor_instance>
		<instance_name>Wailing Caverns (Dreamer's Rock)</instance_name>
		<boss_name>Mutanus the Devourer</boss_name>
		<boss_title>None</boss_title>
		<race>Murloc</race>
		<level>20</level>
		<health>12100</health>
		<mana>0</mana>
		<ability_number>3</ability_number>
	</kalimdor_instance>
	<kalimdor_instance>
		<instance_name>Zul'Farrak (Beginning)</instance_name>
		<boss_name>Sandarr Dunreaver (Rare)</boss_name>
		<boss_title>None</boss_title>
		<race>Sand Troll</race>
		<level>48</level>
		<health>16496</health>
		<mana>0</mana>
		<ability_number>0</ability_number>
	</kalimdor_instance>
	<kalimdor_instance>
		<instance_name>Zul'Farrak (Beginning)</instance_name>
		<boss_name>Zerillis (Rare)</boss_name>
		<boss_title>None</boss_title>
		<race>Sandfury Troll</race>
		<level>45</level>
		<health>5400</health>
		<mana>0</mana>
		<ability_number>3</ability_number>
	</kalimdor_instance>
	<kalimdor_instance>
		<instance_name>Zul'Farrak (Beginning)</instance_name>
		<boss_name>Hydromancer Velratha</boss_name>
		<boss_title>None</boss_title>
		<race>Sandfury Troll</race>
		<level>49</level>
		<health>11976</health>
		<mana>8562</mana>
		<ability_number>3</ability_number>
	</kalimdor_instance>
	<kalimdor_instance>
		<instance_name>Zul'Farrak (Beginning)</instance_name>
		<boss_name>Gahz'rilla</boss_name>
		<boss_title>None</boss_title>
		<race>Hydra</race>
		<level>48</level>
		<health>51550</health>
		<mana>0</mana>
		<ability_number>3</ability_number>
	</kalimdor_instance>
	<kalimdor_instance>
		<instance_name>Zul'Farrak (Beginning)</instance_name>
		<boss_name>Theka the Martyr</boss_name>
		<boss_title>None</boss_title>
		<race>Sandfury Troll</race>
		<level>49</level>
		<health>17104</health>
		<mana>0</mana>
		<ability_number>2</ability_number>
	</kalimdor_instance>
	<kalimdor_instance>
		<instance_name>Zul'Farrak (Beginning)</instance_name>
		<boss_name>Antu'sul</boss_name>
		<boss_title>Overseer of Sul</boss_title>
		<race>Sandfury Troll</race>
		<level>49</level>
		<health>34200</health>
		<mana>1400</mana>
		<ability_number>8</ability_number>
	</kalimdor_instance>
	<kalimdor_instance>
		<instance_name>Zul'Farrak (Beginning)</instance_name>
		<boss_name>Witch Doctor Zum'rah</boss_name>
		<boss_title>None</boss_title>
		<race>Sandfury Troll</race>
		<level>49</level>
		<health>34200</health>
		<mana>7000</mana>
		<ability_number>7</ability_number>
	</kalimdor_instance>
	<kalimdor_instance>
		<instance_name>Zul'Farrak (Beginning)</instance_name>
		<boss_name>Dustwraith (Rare)</boss_name>
		<boss_title>None</boss_title>
		<race>Sandfury Troll</race>
		<level>46</level>
		<health>5800</health>
		<mana>0</mana>
		<ability_number>0</ability_number>
	</kalimdor_instance>
	<kalimdor_instance>
		<instance_name>Zul'Farrak (Beginning)</instance_name>
		<boss_name>Sandfury Executioner</boss_name>
		<boss_title>None</boss_title>
		<race>Sandfury Troll</race>
		<level>48</level>
		<health>16496</health>
		<mana>0</mana>
		<ability_number>0</ability_number>
	</kalimdor_instance>
	<kalimdor_instance>
		<instance_name>Zul'Farrak (Beginning)</instance_name>
		<boss_name>Nekrum Gutchewer</boss_name>
		<boss_title>None</boss_title>
		<race>Sandfury Troll</race>
		<level>48</level>
		<health>20620</health>
		<mana>0</mana>
		<ability_number>1</ability_number>
	</kalimdor_instance>
	<kalimdor_instance>
		<instance_name>Zul'Farrak (Beginning)</instance_name>
		<boss_name>Shadowpriest Sezz'ziz</boss_name>
		<boss_title>None</boss_title>
		<race>Sandfury Troll</race>
		<level>49</level>
		<health>17100</health>
		<mana>3500</mana>
		<ability_number>4</ability_number>
	</kalimdor_instance>
	<kalimdor_instance>
		<instance_name>Zul'Farrak (Beginning)</instance_name>
		<boss_name>Sergeant Bly</boss_name>
		<boss_title>None</boss_title>
		<race>Human</race>
		<level>45</level>
		<health>18000</health>
		<mana>0</mana>
		<ability_number>0</ability_number>
	</kalimdor_instance>
	<kalimdor_instance>
		<instance_name>Zul'Farrak (Beginning)</instance_name>
		<boss_name>Raven</boss_name>
		<boss_title>None</boss_title>
		<race>Human</race>
		<level>44</level>
		<health>6100</health>
		<mana>0</mana>
		<ability_number>0</ability_number>
	</kalimdor_instance>
	<kalimdor_instance>
		<instance_name>Zul'Farrak (Beginning)</instance_name>
		<boss_name>Murta Grimgut</boss_name>
		<boss_title>None</boss_title>
		<race>Dwarf</race>
		<level>44</level>
		<health>5100</health>
		<mana>1483</mana>
		<ability_number>0</ability_number>
	</kalimdor_instance>
	<kalimdor_instance>
		<instance_name>Zul'Farrak (Beginning)</instance_name>
		<boss_name>Oro Eyegouge</boss_name>
		<boss_title>None</boss_title>
		<race>Orc</race>
		<level>44</level>
		<health>4300</health>
		<mana>3680</mana>
		<ability_number>0</ability_number>
	</kalimdor_instance>
	<kalimdor_instance>
		<instance_name>Zul'Farrak (Beginning)</instance_name>
		<boss_name>Weegli Blastfuse</boss_name>
		<boss_title>None</boss_title>
		<race>Goblin</race>
		<level>46</level>
		<health>26866</health>
		<mana>0</mana>
		<ability_number>0</ability_number>
	</kalimdor_instance>
	<kalimdor_instance>
		<instance_name>Zul'Farrak (Beginning)</instance_name>
		<boss_name>Chief Ukorz Sandscalp</boss_name>
		<boss_title>None</boss_title>
		<race>Sandfury Troll</race>
		<level>49</level>
		<health>47036</health>
		<mana>0</mana>
		<ability_number>3</ability_number>
	</kalimdor_instance>
	<kalimdor_instance>
		<instance_name>Zul'Farrak (Beginning)</instance_name>
		<boss_name>Ruuzlu</boss_name>
		<boss_title>None</boss_title>
		<race>Sandfury Troll</race>
		<level>48</level>
		<health>16496</health>
		<mana>0</mana>
		<ability_number>2</ability_number>
	</kalimdor_instance>
</wow_schema_kalimdor>