<?xml version="1.0" encoding="utf-8"?>
<wow>
	<kalimdor>
		<instances>
			<Cell>Blackfathom Deeps</Cell>
			<Cell>Ghamoo'Ra</Cell>
			<Cell>None</Cell>
			<Cell>Turtle</Cell>
			<Cell>24</Cell>
			<Cell>13020</Cell>
			<Cell>0</Cell>
			<Cell>1</Cell>
	<Cell ss:Index="2">Lady Sarevess</Cell>
			<Cell>None</Cell>
			<Cell>Naga</Cell>
			<Cell>24</Cell>
			<Cell>14275</Cell>
			<Cell>1854</Cell>
			<Cell>3</Cell>  
	<Cell ss:Index="2">Lorgus Jett (Rare)</Cell>
			<Cell>None</Cell>
			<Cell>Human</Cell>
			<Cell>25</Cell>
			<Cell>6100</Cell>
			<Cell>1310</Cell>
			<Cell>2</Cell>
	<Cell ss:Index="2">Gelihast</Cell>
			<Cell>None</Cell>
			<Cell>Murloc</Cell>
			<Cell>25</Cell>
			<Cell>17475</Cell>
			<Cell>0</Cell>
			<Cell>1</Cell>
	<Cell ss:Index="2">Baron Aquanis</Cell>
			<Cell>None</Cell>
			<Cell>Water Elemental</Cell>
			<Cell>24</Cell>
			<Cell>4557</Cell>
			<Cell>618</Cell>
			<Cell>2</Cell>
	<Cell ss:Index="2">Old Serra'kis</Cell>
			<Cell>None</Cell>
			<Cell>Threshadon</Cell>
			<Cell>25</Cell>
			<Cell>17475</Cell>
			<Cell>0</Cell>
			<Cell>1</Cell>
	<Cell ss:Index="2">Twilight Lord Kelris</Cell>
			<Cell>None</Cell>
			<Cell>Orc</Cell>
			<Cell>25</Cell>
			<Cell>15250</Cell>
			<Cell>1638</Cell>
			<Cell>2</Cell>
	<Cell ss:Index="2">Aku'mai</Cell>
			<Cell>None</Cell>
			<Cell>Hydra</Cell>
			<Cell>25</Cell>
			<Cell>20970</Cell>
			<Cell>0</Cell>
			<Cell>2</Cell>
			<Cell>Dire Maul (East)</Cell>
			<Cell>Pusillin</Cell>
			<Cell>None</Cell>
			<Cell>Imp</Cell>
			<Cell>40</Cell>
			<Cell>7356</Cell>
			<Cell>7698</Cell>
			<Cell>5</Cell>
	<Cell ss:Index="2">Zevrim Thornhoof</Cell>
			<Cell>None</Cell>
			<Cell>Satyr</Cell>
			<Cell>40</Cell>
			<Cell>38100</Cell>
			<Cell>0</Cell>
			<Cell>2</Cell>
	<Cell ss:Index="2">Hydrospawn</Cell>
			<Cell>None</Cell>
			<Cell>Water Elemental</Cell>
			<Cell>40</Cell>
			<Cell>12260</Cell>
			<Cell>3849</Cell>
			<Cell>5</Cell>
	<Cell ss:Index="2">Lethtendris</Cell>
			<Cell>None</Cell>
			<Cell>Blood Elf</Cell>
			<Cell>40</Cell>
			<Cell>24520</Cell>
			<Cell>5132</Cell>
			<Cell>6</Cell>
	<Cell ss:Index="2">Alzzin the Wildshaper</Cell>
			<Cell>None</Cell>
			<Cell>Satyr</Cell>
			<Cell>41</Cell>
			<Cell>38040</Cell>
			<Cell>6660</Cell>
			<Cell>10</Cell>
				<Cell>Dire Maul (North)</Cell>
			<Cell>Guard Mol'dar</Cell>
			<Cell>None</Cell>
			<Cell>Ogre</Cell>
			<Cell>59</Cell>
			<Cell>57570</Cell>
			<Cell>0</Cell>
			<Cell>5</Cell>
	<Cell ss:Index="2">Stomper Kreeg</Cell>
			<Cell>The Drunk</Cell>
			<Cell>Ogre</Cell>
			<Cell>41</Cell>
			<Cell>38380</Cell>
			<Cell>0</Cell>
			<Cell>6</Cell>
	<Cell ss:Index="2">Guard Fengus</Cell>
			<Cell>None</Cell>
			<Cell>Ogre</Cell>
			<Cell>59</Cell>
			<Cell>57570</Cell>
			<Cell>0</Cell>
			<Cell>5</Cell>
	<Cell ss:Index="2">Guard Slip'kik</Cell>
			<Cell>None</Cell>
			<Cell>Ogre</Cell>
			<Cell>59</Cell>
			<Cell>59700</Cell>
			<Cell>0</Cell>
			<Cell>5</Cell>
	<Cell ss:Index="2">Captain Kromcrush</Cell>
			<Cell>None</Cell>
			<Cell>Ogre</Cell>
			<Cell>47</Cell>
			<Cell>49750</Cell>
			<Cell>0</Cell>
			<Cell>9</Cell>
	<Cell ss:Index="2">King Gordok</Cell>
			<Cell>None</Cell>
			<Cell>Ogre</Cell>
			<Cell>47</Cell>
			<Cell>49750</Cell>
			<Cell>0</Cell>
			<Cell>4</Cell>
	<Cell ss:Index="2">Cho'Rush the Observer</Cell>
			<Cell>None</Cell>
			<Cell>Ogre</Cell>
			<Cell>46</Cell>
			<Cell>19190</Cell>
			<Cell>6348</Cell>
			<Cell>13</Cell>
			<Cell>Dire Maul (West)</Cell>
			<Cell>Tendris Warpwood</Cell>
			<Cell>None</Cell>
			<Cell>Corrupted Ancient</Cell>
			<Cell>43</Cell>
			<Cell>42900</Cell>
			<Cell>0</Cell>
			<Cell>7</Cell>
	<Cell ss:Index="2">Illyanna Ravenoak</Cell>
			<Cell>None</Cell>
			<Cell>Highborne</Cell>
			<Cell>44</Cell>
			<Cell>25668</Cell>
			<Cell>4449</Cell>
			<Cell>7</Cell>
	<Cell ss:Index="2">Magister Kalendris</Cell>
			<Cell>None</Cell>
			<Cell>Ghost</Cell>
			<Cell>44</Cell>
			<Cell>35650</Cell>
			<Cell>5932</Cell>
			<Cell>5</Cell>
	<Cell ss:Index="2">Immol'thar</Cell>
			<Cell>None</Cell>
			<Cell>Void Terror</Cell>
			<Cell>44</Cell>
			<Cell>44550</Cell>
			<Cell>0</Cell>
			<Cell>6</Cell>
	<Cell ss:Index="2">Prince Tortheldrin</Cell>
			<Cell>Ruler of Shen'dralar</Cell>
			<Cell>Highborne</Cell>
			<Cell>44</Cell>
			<Cell>106920</Cell>
			<Cell>0</Cell>
			<Cell>5</Cell>
			<Cell>Maraudon (Entrance)</Cell>
			<Cell>Cursed Centaur (Rare)</Cell>
			<Cell>None</Cell>
			<Cell>Centaur</Cell>
			<Cell>35</Cell>
			<Cell>1830</Cell>
			<Cell>0</Cell>
			<Cell>1</Cell>
	<Cell ss:Index="2">The Nameless Prophet</Cell>
			<Cell>None</Cell>
			<Cell>Centaur</Cell>
			<Cell>35</Cell>
			<Cell>4036</Cell>
			<Cell>1067</Cell>
			<Cell>3</Cell>
			<Cell>Maraudon (The Wicked Grotto)</Cell>
			<Cell>Lord Vyletongue</Cell>
			<Cell>None</Cell>
			<Cell>Satyr</Cell>
			<Cell>35</Cell>
			<Cell>30500</Cell>
			<Cell>0</Cell>
			<Cell>4</Cell>
	<Cell ss:Index="2">Tinkerer Gizlock</Cell>
			<Cell>None</Cell>
			<Cell>Goblin</Cell>
			<Cell>35</Cell>
			<Cell>30500</Cell>
			<Cell>0</Cell>
			<Cell>4</Cell>
			<Cell>Maraudon (Poison Falls)</Cell>
			<Cell>Celebras the Cursed</Cell>
			<Cell>None</Cell>
			<Cell>Keeper of the Grove</Cell>
			<Cell>37</Cell>
			<Cell>27325</Cell>
			<Cell>4568</Cell>
			<Cell>5</Cell>
	<Cell ss:Index="2">Meshlok the Harvester (Rare)</Cell>
			<Cell>None</Cell>
			<Cell>Bog Beast</Cell>
			<Cell>37</Cell>
			<Cell>21376</Cell>
			<Cell>0</Cell>
			<Cell>2</Cell>
			<Cell>Maraudon (Foulspore Cavern)</Cell>
			<Cell>Noxxion</Cell>
			<Cell>None</Cell>
			<Cell>Water Elemental</Cell>
			<Cell>37</Cell>
			<Cell>33400</Cell>
			<Cell>0</Cell>
			<Cell>4</Cell>
	<Cell ss:Index="2">Razorlash</Cell>
			<Cell>None</Cell>
			<Cell>Lasher</Cell>
			<Cell>37</Cell>
			<Cell>33400</Cell>
			<Cell>0</Cell>
			<Cell>3</Cell>
			<Cell>Maraudon (Earth Song Falls)</Cell>
			<Cell>Landslide</Cell>
			<Cell>None</Cell>
			<Cell>Mountain Giant</Cell>
			<Cell>39</Cell>
			<Cell>36475</Cell>
			<Cell>0</Cell>
			<Cell>4</Cell>
	<Cell ss:Index="2">Princess Theradras</Cell>
			<Cell>None</Cell>
			<Cell>Earth Elemental</Cell>
			<Cell>39</Cell>
			<Cell>43770</Cell>
			<Cell>0</Cell>
			<Cell>4</Cell>
	<Cell ss:Index="2">Rotgrip</Cell>
			<Cell>None</Cell>
			<Cell>Crocolisk</Cell>
			<Cell>39</Cell>
			<Cell>36475</Cell>
			<Cell>0</Cell>
			<Cell>2</Cell>
			<Cell>Ragefire Chasm</Cell>
			<Cell>Adarogg</Cell>
			<Cell>None</Cell>
			<Cell>Flame Hound</Cell>
			<Cell>16</Cell>
			<Cell>10680</Cell>
			<Cell>0</Cell>
			<Cell>2</Cell>
	<Cell ss:Index="2">Dark Shaman Koranthal</Cell>
			<Cell>None</Cell>
			<Cell>Orc</Cell>
			<Cell>16</Cell>
			<Cell>10545</Cell>
			<Cell>4280</Cell>
			<Cell>2</Cell>
	<Cell ss:Index="2">Slagmaw</Cell>
			<Cell>None</Cell>
			<Cell>Lava Worm</Cell>
			<Cell>16</Cell>
			<Cell>10680</Cell>
			<Cell>0</Cell>
			<Cell>1</Cell>
	<Cell ss:Index="2">Lava Guard Gordoth</Cell>
			<Cell>None</Cell>
			<Cell>Dire Orc</Cell>
			<Cell>16</Cell>
			<Cell>10680</Cell>
			<Cell>0</Cell>
			<Cell>3</Cell>
			<Cell>Razorfen Kraul</Cell>
			<Cell>Overlord Ramrusk</Cell>
			<Cell>None</Cell>
			<Cell>Quilboar</Cell>
			<Cell>35</Cell>
			<Cell>30500</Cell>
			<Cell>0</Cell>
			<Cell>5</Cell>
	<Cell ss:Index="2">Agathelos the Raging</Cell>
			<Cell>None</Cell>
			<Cell>Boar</Cell>
			<Cell>35</Cell>
			<Cell>30500</Cell>
			<Cell>0</Cell>
			<Cell>4</Cell>
	<Cell ss:Index="2">Death Speaker Jargba</Cell>
			<Cell>Death's Head Captain</Cell>
			<Cell>Quilboar</Cell>
			<Cell>35</Cell>
			<Cell>3500</Cell>
			<Cell>2134</Cell>
			<Cell>2</Cell>
	<Cell ss:Index="2">Aggem Thorncurse</Cell>
			<Cell>Death's Head Prophet</Cell>
			<Cell>Quilboar</Cell>
			<Cell>35</Cell>
			<Cell>30500</Cell>
			<Cell>3201</Cell>
			<Cell>4</Cell>
	<Cell ss:Index="2">Roogug</Cell>
			<Cell>None</Cell>
			<Cell>Quilboar</Cell>
			<Cell>34</Cell>
			<Cell>13956</Cell>
			<Cell>1007</Cell>
			<Cell>2</Cell>
	<Cell ss:Index="2">Blind Hunter (Rare)</Cell>
			<Cell>None</Cell>
			<Cell>Bat</Cell>
			<Cell>35</Cell>
			<Cell>19520</Cell>
			<Cell>0</Cell>
			<Cell>0</Cell>
	<Cell ss:Index="2">Earthcaller Halmgar (Rare)</Cell>
			<Cell>None</Cell>
			<Cell>Quilboar</Cell>
			<Cell>35</Cell>
			<Cell>19520</Cell>
			<Cell>1067</Cell>
			<Cell>3</Cell>
	<Cell ss:Index="2">Charlga Razorflank</Cell>
			<Cell>The Crone</Cell>
			<Cell>Quilboar</Cell>
			<Cell>35</Cell>
			<Cell>30270</Cell>
			<Cell>3201</Cell>
			<Cell>4</Cell>
			<Cell>Razorfen Downs (The Caller's Chamber)</Cell>
			<Cell>Tuten'kash</Cell>
			<Cell>None</Cell>
			<Cell>Crypt Fiend</Cell>
			<Cell>45</Cell>
			<Cell>46200</Cell>
			<Cell>0</Cell>
			<Cell>3</Cell>
			<Cell>Razorfen Downs (The Murder Pens)</Cell>
			<Cell>Plaguemaw the Rotting</Cell>
			<Cell>None</Cell>
			<Cell>Undead Quilboar</Cell>
			<Cell>45</Cell>
			<Cell>46200</Cell>
			<Cell>0</Cell>
			<Cell>2</Cell>
			<Cell>Razorfen Downs (The Bone Pile)</Cell>
			<Cell>Mordresh Fire Eye</Cell>
			<Cell>None</Cell>
			<Cell>Skeleton</Cell>
			<Cell>45</Cell>
			<Cell>36962</Cell>
			<Cell>11403</Cell>
			<Cell>2</Cell>
			<Cell>Razorfen Downs (Spiral of Thorns [Beginning])</Cell>
			<Cell>Glutton</Cell>
			<Cell>None</Cell>
			<Cell>Abomination</Cell>
			<Cell>45</Cell>
			<Cell>46200</Cell>
			<Cell>0</Cell>
			<Cell>2</Cell>
	<Cell ss:Index="2">Ragglesnout</Cell>
			<Cell>None</Cell>
			<Cell>Quilboar</Cell>
			<Cell>45</Cell>
			<Cell>22178</Cell>
			<Cell>3801</Cell>
			<Cell>0</Cell>
			<Cell>Razorfen Downs (Spiral of Thorns)</Cell>
			<Cell>Amnennar the Coldbringer</Cell>
			<Cell>The Cold</Cell>
			<Cell>Lich</Cell>
			<Cell>45</Cell>
			<Cell>55440</Cell>
			<Cell>12272</Cell>
			<Cell>6</Cell>
			<Cell>Ruins of Ahn'Qiraj (Scarab Terrace)</Cell>
			<Cell>Kurinnaxx</Cell>
			<Cell>None</Cell>
			<Cell>Sand Reaver</Cell>
			<Cell>??</Cell>
			<Cell>378400</Cell>
			<Cell>0</Cell>
			<Cell>7</Cell>
			<Cell>Ruins of Ahn'Qiraj (General's Terrace)</Cell>
			<Cell>General Rajaxx</Cell>
			<Cell>None</Cell>
			<Cell>Qiraji</Cell>
			<Cell>??</Cell>
			<Cell>398000</Cell>
			<Cell>0</Cell>
			<Cell>16</Cell>
			<Cell>Ruins of Ahn'Qiraj (Reservoir)</Cell>
			<Cell>Moam</Cell>
			<Cell>None</Cell>
			<Cell>Obsidian Destroyer</Cell>
			<Cell>??</Cell>
			<Cell>413920</Cell>
			<Cell>26200</Cell>
			<Cell>7</Cell>
			<Cell>Ruins of Ahn'Qiraj (Hatchery)</Cell>
			<Cell>Buru the Gorger</Cell>
			<Cell>None</Cell>
			<Cell>Silithid Colossus</Cell>
			<Cell>??</Cell>
			<Cell>796000</Cell>
			<Cell>0</Cell>
			<Cell>6</Cell>
			<Cell>Ruins of Ahn'Qiraj (Comb)</Cell>
			<Cell>Ayamiss the Hunter</Cell>
			<Cell>None</Cell>
			<Cell>Silithid Wasp</Cell>
			<Cell>??</Cell>
			<Cell>318400</Cell>
			<Cell>0</Cell>
			<Cell>6</Cell>
			<Cell>Ruins of Ahn'Qiraj (Watcher's Terrace)</Cell>
			<Cell>Ossirian the Unscarred</Cell>
			<Cell>None</Cell>
			<Cell>Anubisath</Cell>
			<Cell>??</Cell>
			<Cell>477600</Cell>
			<Cell>0</Cell>
			<Cell>5</Cell>
			<Cell>Temple of Ahn'Qiraj</Cell>
			<Cell>The Prophet Skeram</Cell>
			<Cell>None</Cell>
			<Cell>Qiraji</Cell>
			<Cell>??</Cell>
			<Cell>557200</Cell>
			<Cell>393000</Cell>
			<Cell>6</Cell>
	<Cell ss:Index="2">Lord Kri</Cell>
			<Cell>Silithid Royalty</Cell>
			<Cell>Silithid Colossus</Cell>
			<Cell>??</Cell>
			<Cell>254720</Cell>
			<Cell>0</Cell>
			<Cell>4</Cell>
	<Cell ss:Index="2">Princess Yauj</Cell>
			<Cell>Silithid Royalty</Cell>
			<Cell>Silithid Colossus</Cell>
			<Cell>??</Cell>
			<Cell>286560</Cell>
			<Cell>0</Cell>
			<Cell>3</Cell>
	<Cell ss:Index="2">Vem</Cell>
			<Cell>Silithid Royalty</Cell>
			<Cell>Silithid Colossus</Cell>
			<Cell>??</Cell>
			<Cell>286560</Cell>
			<Cell>0</Cell>
			<Cell>4</Cell>
	<Cell ss:Index="2">Battleguard Sartura</Cell>
			<Cell>None</Cell>
			<Cell>Qiraji</Cell>
			<Cell>??</Cell>
			<Cell>71640</Cell>
			<Cell>0</Cell>
			<Cell>6</Cell>
	<Cell ss:Index="2">Fankriss the Unyielding</Cell>
			<Cell>None</Cell>
			<Cell>Sand Reaver</Cell>
			<Cell>??</Cell>
			<Cell>955200</Cell>
			<Cell>0</Cell>
			<Cell>5</Cell>
	<Cell ss:Index="2">Viscidus</Cell>
			<Cell>None</Cell>
			<Cell>Ooze</Cell>
			<Cell>??</Cell>
			<Cell>1910400</Cell>
			<Cell>0</Cell>
			<Cell>14</Cell>
	<Cell ss:Index="2">Princess Huhuran</Cell>
			<Cell>None</Cell>
			<Cell>Silithis Wasp</Cell>
			<Cell>??</Cell>
			<Cell>955200</Cell>
			<Cell>0</Cell>
			<Cell>6</Cell>
	<Cell ss:Index="2">Emperor Vek'lor</Cell>
			<Cell>Twin Emperors</Cell>
			<Cell>Qiraji</Cell>
			<Cell>??</Cell>
			<Cell>1732250</Cell>
			<Cell>471600</Cell>
			<Cell>11</Cell>
	<Cell ss:Index="2">Emperor Vek'nilash</Cell>
			<Cell>Twin Emperors</Cell>
			<Cell>Qiraji</Cell>
			<Cell>??</Cell>
			<Cell>2165150</Cell>
			<Cell>0</Cell>
			<Cell>10</Cell>
	<Cell ss:Index="2">Ouro</Cell>
			<Cell>None</Cell>
			<Cell>Sand Worm</Cell>
			<Cell>??</Cell>
			<Cell>1910400</Cell>
			<Cell>0</Cell>
			<Cell>6</Cell>
	<Cell ss:Index="2">C'Thun</Cell>
			<Cell>None</Cell>
			<Cell>Old God</Cell>
			<Cell>??</Cell>
			<Cell>2228800</Cell>
			<Cell>0</Cell>
			<Cell>7</Cell>
			<Cell>Wailing Caverns (Entrance)</Cell>
			<Cell>Trigore the Lasher (Rare)</Cell>
			<Cell>None</Cell>
			<Cell>Hydra</Cell>
			<Cell>17</Cell>
			<Cell>482</Cell>
			<Cell>0</Cell>
			<Cell>0</Cell>
	<Cell ss:Index="2">Boahn (Rare)</Cell>
			<Cell>Druid of the Fang</Cell>
			<Cell>Night Elf</Cell>
			<Cell>17</Cell>
			<Cell>525</Cell>
			<Cell>390</Cell>
			<Cell>4</Cell>
			<Cell>Wailing Caverns (Screaming Gully)</Cell>
			<Cell>Lady Anacondra</Cell>
			<Cell>Fanglord</Cell>
			<Cell>Night Elf</Cell>
			<Cell>20</Cell>
			<Cell>10825</Cell>
			<Cell>1470</Cell>
			<Cell>4</Cell>
			<Cell>Wailing Caverns (Pit of Fangs [River])</Cell>
			<Cell>Kresh</Cell>
			<Cell>None</Cell>
			<Cell>Turtle</Cell>
			<Cell>20</Cell>
			<Cell>4840</Cell>
			<Cell>0</Cell>
			<Cell>1</Cell>
			<Cell>Wailing Caverns (Pit of Fangs)</Cell>
			<Cell>Lord Cobrahn</Cell>
			<Cell>Fanglord</Cell>
			<Cell>Night Elf</Cell>
			<Cell>20</Cell>
			<Cell>10825</Cell>
			<Cell>1470</Cell>
			<Cell>5</Cell>
	<Cell ss:Index="2">Lord Pythas</Cell>
			<Cell>Fanglord</Cell>
			<Cell>Night Elf</Cell>
			<Cell>20</Cell>
			<Cell>10825</Cell>
			<Cell>0</Cell>
			<Cell>4</Cell>
			<Cell>Wailing Caverns (Crag of the Everliving)</Cell>
			<Cell>Skum</Cell>
			<Cell>None</Cell>
			<Cell>Thunder Lizard</Cell>
			<Cell>20</Cell>
			<Cell>12100</Cell>
			<Cell>0</Cell>
			<Cell>1</Cell>
	<Cell ss:Index="2">Lord Serpentis</Cell>
			<Cell>Fanglord</Cell>
			<Cell>Night Elf</Cell>
			<Cell>20</Cell>
			<Cell>10825</Cell>
			<Cell>1470</Cell>
			<Cell>3</Cell>
	<Cell ss:Index="2">Verdan the Everliving</Cell>
			<Cell>None</Cell>
			<Cell>Bog Beast</Cell>
			<Cell>20</Cell>
			<Cell>12100</Cell>
			<Cell>0</Cell>
			<Cell>1</Cell>
	<Cell ss:Index="2">Deviate Faerie Dragon (Rare)</Cell>
			<Cell>None</Cell>
			<Cell>Faerie Dragon</Cell>
			<Cell>19</Cell>
			<Cell>4490</Cell>
			<Cell>0</Cell>
			<Cell>0</Cell>
			<Cell>Wailing Caverns (Dreamer's Rock)</Cell>
			<Cell>Mutanus the Devourer</Cell>
			<Cell>None</Cell>
			<Cell>Murloc</Cell>
			<Cell>20</Cell>
			<Cell>12100</Cell>
			<Cell>0</Cell>
			<Cell>3</Cell>
			<Cell>Zul'Farrak (Beginning)</Cell>
			<Cell>Sandarr Dunreaver (Rare)</Cell>
			<Cell>None</Cell>
			<Cell>Sand Troll</Cell>
			<Cell>48</Cell>
			<Cell>16496</Cell>
			<Cell>0</Cell>
			<Cell>0</Cell>
	<Cell ss:Index="2">Zerillis (Rare)</Cell>
			<Cell>None</Cell>
			<Cell>Sandfury Troll</Cell>
			<Cell>45</Cell>
			<Cell>5400</Cell>
			<Cell>0</Cell>
			<Cell>3</Cell>
	<Cell ss:Index="2">Hydromancer Velratha</Cell>
			<Cell>None</Cell>
			<Cell>Sandfury Troll</Cell>
			<Cell>49</Cell>
			<Cell>11976</Cell>
			<Cell>8562</Cell>
			<Cell>3</Cell>
	<Cell ss:Index="2">Gahz'rilla</Cell>
			<Cell>None</Cell>
			<Cell>Hydra</Cell>
			<Cell>48</Cell>
			<Cell>51550</Cell>
			<Cell>0</Cell>
			<Cell>3</Cell>
	<Cell ss:Index="2">Theka the Martyr</Cell>
			<Cell>None</Cell>
			<Cell>Sandfury Troll</Cell>
			<Cell>49</Cell>
			<Cell>17104</Cell>
			<Cell>0</Cell>
			<Cell>2</Cell>
	<Cell ss:Index="2">Antu'sul</Cell>
			<Cell>Overseer of Sul</Cell>
			<Cell>Sandfury Troll</Cell>
			<Cell>49</Cell>
			<Cell>34200</Cell>
			<Cell>1400</Cell>
			<Cell>8</Cell>
	<Cell ss:Index="2">Witch Doctor Zum'rah</Cell>
			<Cell>None</Cell>
			<Cell>Sandfury Troll</Cell>
			<Cell>49</Cell>
			<Cell>34200</Cell>
			<Cell>7000</Cell>
			<Cell>7</Cell>
	<Cell ss:Index="2">Dustwraith (Rare)</Cell>
			<Cell>None</Cell>
			<Cell>Sandfury Troll</Cell>
			<Cell>46</Cell>
			<Cell>5800</Cell>
			<Cell>0</Cell>
			<Cell>0</Cell>
	<Cell ss:Index="2">Sandfury Executioner</Cell>
			<Cell>None</Cell>
			<Cell>Sandfury Troll</Cell>
			<Cell>48</Cell>
			<Cell>16496</Cell>
			<Cell>0</Cell>
			<Cell>0</Cell>
	<Cell ss:Index="2">Nekrum Gutchewer</Cell>
			<Cell>None</Cell>
			<Cell>Sandfury Troll</Cell>
			<Cell>48</Cell>
			<Cell>20620</Cell>
			<Cell>0</Cell>
			<Cell>1</Cell>
	<Cell ss:Index="2">Shadowpriest Sezz'ziz</Cell>
			<Cell>None</Cell>
			<Cell>Sandfury Troll</Cell>
			<Cell>49</Cell>
			<Cell>17100</Cell>
			<Cell>3500</Cell>
			<Cell>4</Cell>
	<Cell ss:Index="2">Sergeant Bly</Cell>
			<Cell>None</Cell>
			<Cell>Human</Cell>
			<Cell>45</Cell>
			<Cell>18000</Cell>
			<Cell>0</Cell>
			<Cell>0</Cell>
	<Cell ss:Index="2">Raven</Cell>
			<Cell>None</Cell>
			<Cell>Human</Cell>
			<Cell>44</Cell>
			<Cell>6100</Cell>
			<Cell>0</Cell>
			<Cell>0</Cell>
	<Cell ss:Index="2">Murta Grimgut</Cell>
			<Cell>None</Cell>
			<Cell>Dwarf</Cell>
			<Cell>44</Cell>
			<Cell>5100</Cell>
			<Cell>1483</Cell>
			<Cell>0</Cell>
	<Cell ss:Index="2">Oro Eyegouge</Cell>
			<Cell>None</Cell>
			<Cell>Orc</Cell>
			<Cell>44</Cell>
			<Cell>4300</Cell>
			<Cell>3680</Cell>
			<Cell>0</Cell>
	<Cell ss:Index="2">Weegli Blastfuse</Cell>
			<Cell>None</Cell>
			<Cell>Goblin</Cell>
			<Cell>46</Cell>
			<Cell>26866</Cell>
			<Cell>0</Cell>
			<Cell>0</Cell>
	<Cell ss:Index="2">Chief Ukorz Sandscalp</Cell>
			<Cell>None</Cell>
			<Cell>Sandfury Troll</Cell>
			<Cell>49</Cell>
			<Cell>47036</Cell>
			<Cell>0</Cell>
			<Cell>3</Cell>
	<Cell ss:Index="2">Ruuzlu</Cell>
			<Cell>None</Cell>
			<Cell>Sandfury Troll</Cell>
			<Cell>48</Cell>
			<Cell>16496</Cell>
			<Cell>0</Cell>
			<Cell>2</Cell>
		</instances>
	</kalimdor>
 
	<eastern_kingdoms>
		<instances>	
		<Cell ss:StyleID="s17">Eastern Kingdoms</Cell>	<Cell ss:StyleID="s17">Boss Name</Cell>	<Cell ss:StyleID="s17">Title</Cell>	<Cell ss:StyleID="s17">Race</Cell>	<Cell ss:StyleID="s17">Level</Cell>	<Cell ss:StyleID="s17">Health Amount</Cell>	<Cell ss:StyleID="s17">Mana Amount</Cell>	<Cell ss:StyleID="s17">Ability #</Cell>
			<Cell>Blackrock Depths (Detention Block)</Cell>
			<Cell>High Interrogator Gerstahn</Cell>
			<Cell>Twilight's Hammer Interrogator</Cell>
			<Cell>Human</Cell>
			<Cell>52</Cell>
			<Cell>59275</Cell>
			<Cell>9615</Cell>
			<Cell>4</Cell>
			<Cell>Blackrock Depths (Halls of the Law)</Cell>
			<Cell>Houndmater Grebmar</Cell>
			<Cell>None</Cell>
			<Cell>Dark Iron Dwarf</Cell>
			<Cell>52</Cell>
			<Cell>59275</Cell>
			<Cell>0</Cell>
			<Cell>5</Cell>
	<Cell ss:Index="2">Lord Roccor</Cell>
			<Cell>None</Cell>
			<Cell>Lava Elemental</Cell>
			<Cell>51</Cell>
			<Cell>68760</Cell>
			<Cell>0</Cell>
			<Cell>3</Cell>
			<Cell>Blackrock Depths (Ring of the Law)</Cell>
			<Cell>Anub'shiah</Cell>
			<Cell>None</Cell>
			<Cell>Crypt Fiend</Cell>
			<Cell>52</Cell>
			<Cell>47420</Cell>
			<Cell>9615</Cell>
			<Cell>6</Cell>
	<Cell ss:Index="2">Dark Keeper Zimrel</Cell>
			<Cell>None</Cell>
			<Cell>Dark Iron Dwarf</Cell>
			<Cell>55</Cell>
			<Cell>6200</Cell>
			<Cell>4234</Cell>
			<Cell>2</Cell>
	<Cell ss:Index="2">Eviscerator</Cell>
			<Cell>None</Cell>
			<Cell>Worgen</Cell>
			<Cell>52</Cell>
			<Cell>47420</Cell>
			<Cell>9615</Cell>
			<Cell>3</Cell>
	<Cell ss:Index="2">Gorosh the Dervish</Cell>
			<Cell>None</Cell>
			<Cell>Orc</Cell>
			<Cell>52</Cell>
			<Cell>47420</Cell>
			<Cell>0</Cell>
			<Cell>4</Cell>
	<Cell ss:Index="2">Grizzle</Cell>
			<Cell>None</Cell>
			<Cell>Dire Troll</Cell>
			<Cell>52</Cell>
			<Cell>47420</Cell>
			<Cell>0</Cell>
			<Cell>3</Cell>
	<Cell ss:Index="2">Hedrum the Creeper</Cell>
			<Cell>None</Cell>
			<Cell>Crystal Spider</Cell>
			<Cell>52</Cell>
			<Cell>47420</Cell>
			<Cell>0</Cell>
			<Cell>4</Cell>
	<Cell ss:Index="2">Ok'thor the Breaker</Cell>
			<Cell>None</Cell>
			<Cell>Ogre Mage</Cell>
			<Cell>52</Cell>
			<Cell>47420</Cell>
			<Cell>15384</Cell>
			<Cell>4</Cell>
	<Cell ss:Index="2">Theldren</Cell>
			<Cell>None</Cell>
			<Cell>Dwarf</Cell>
			<Cell>60</Cell>
			<Cell>11000</Cell>
			<Cell>0</Cell>
			<Cell>8</Cell>
	<Cell ss:Index="2">Malgen Longspear</Cell>
			<Cell>None</Cell>
			<Cell>Centaur</Cell>
			<Cell>60</Cell>
			<Cell>8547</Cell>
			<Cell>5452</Cell>
			<Cell>7</Cell>
	<Cell ss:Index="2">Snokh Blackspine</Cell>
			<Cell>None</Cell>
			<Cell>Quilboar</Cell>
			<Cell>60</Cell>
			<Cell>5607</Cell>
			<Cell>7649</Cell>
			<Cell>7</Cell>
	<Cell ss:Index="2">Lefty</Cell>
			<Cell>None</Cell>
			<Cell>Gnome</Cell>
			<Cell>60</Cell>
			<Cell>8500</Cell>
			<Cell>0</Cell>
			<Cell>4</Cell>
	<Cell ss:Index="2">Korv</Cell>
			<Cell>None</Cell>
			<Cell>Tauren</Cell>
			<Cell>60</Cell>
			<Cell>8547</Cell>
			<Cell>5452</Cell>
			<Cell>8</Cell>
	<Cell ss:Index="2">Rotfang</Cell>
			<Cell>None</Cell>
			<Cell>Gnoll</Cell>
			<Cell>60</Cell>
			<Cell>7300</Cell>
			<Cell>0</Cell>
			<Cell>8</Cell>
	<Cell ss:Index="2">Volida</Cell>
			<Cell>None</Cell>
			<Cell>Undead</Cell>
			<Cell>60</Cell>
			<Cell>7500</Cell>
			<Cell>4649</Cell>
			<Cell>2</Cell>
	<Cell ss:Index="2">Va'jashni</Cell>
			<Cell>None</Cell>
			<Cell>Troll</Cell>
			<Cell>60</Cell>
			<Cell>5800</Cell>
			<Cell>7649</Cell>
			<Cell>6</Cell>
	<Cell ss:Index="2">Rezznik</Cell>
			<Cell>None</Cell>
			<Cell>Goblin</Cell>
			<Cell>60</Cell>
			<Cell>6410</Cell>
			<Cell>4186</Cell>
			<Cell>1</Cell>
			<Cell>Blackrock Depths (Shrine of Thaurissan)</Cell>
			<Cell>Pyromancer Loregrain</Cell>
			<Cell>None</Cell>
			<Cell>Tauren</Cell>
			<Cell>52</Cell>
			<Cell>28455</Cell>
			<Cell>23250</Cell>
			<Cell>5</Cell>
			<Cell>Blackrock Depths (Shadowforge City)</Cell>
			<Cell>Lord Incendius</Cell>
			<Cell>None</Cell>
			<Cell>Fire Elemental</Cell>
			<Cell>48/53</Cell>
			<Cell>16000/17000</Cell>
			<Cell>0</Cell>
			<Cell>4</Cell>
			<Cell>Blackrock Depths (The Domicile)</Cell>
			<Cell>Dark Keeper Pelver</Cell>
			<Cell>None</Cell>
			<Cell>Dark Iron Dwarf</Cell>
			<Cell>55</Cell>
			<Cell>6200</Cell>
			<Cell>4234</Cell>
			<Cell>3</Cell>
			<Cell>Blackrock Depths (The Black Vault)</Cell>
			<Cell>Dark Keeper Bethek</Cell>
			<Cell>None</Cell>
			<Cell>Dark Iron Dwarf</Cell>
			<Cell>54/55</Cell>
			<Cell>6400</Cell>
			<Cell>4234</Cell>
			<Cell>2</Cell>
	<Cell ss:Index="2">Verek</Cell>
			<Cell>None</Cell>
			<Cell>Darkhound</Cell>
			<Cell>53</Cell>
			<Cell>14718</Cell>
			<Cell>0</Cell>
			<Cell>3</Cell>
	<Cell ss:Index="2">Warder Stilgiss</Cell>
			<Cell>None</Cell>
			<Cell>Dark Iron Dwarf</Cell>
			<Cell>56</Cell>
			<Cell>8100/8700</Cell>
			<Cell>10205/10815</Cell>
			<Cell>5</Cell>
	<Cell ss:Index="2">Watchman Doomgrip</Cell>
			<Cell>None</Cell>
			<Cell>Dark Iron Dwarf</Cell>
			<Cell>55</Cell>
			<Cell>10000</Cell>
			<Cell>4082/4234</Cell>
			<Cell>2</Cell>
			<Cell>Blackrock Depths (Hall of Crafting)</Cell>
			<Cell>Dark Keeper Uggel</Cell>
			<Cell>None</Cell>
			<Cell>Dark Iron Dwarf</Cell>
			<Cell>55</Cell>
			<Cell>6200</Cell>
			<Cell>4234</Cell>
			<Cell>2</Cell>
	<Cell ss:Index="2">Fineous Darkvire</Cell>
			<Cell>Chief Architect</Cell>
			<Cell>Dark Iron Dwarf</Cell>
			<Cell>53</Cell>
			<Cell>2800</Cell>
			<Cell>9910</Cell>
			<Cell>5</Cell>
			<Cell>Blackrock Depths (Dark Iron Highway)</Cell>
			<Cell>Bael'Gar</Cell>
			<Cell>None</Cell>
			<Cell>Molten Giant</Cell>
			<Cell>52</Cell>
			<Cell>59275</Cell>
			<Cell>0</Cell>
			<Cell>2</Cell>
			<Cell>Blackrock Depths (West Garrison)</Cell>
			<Cell>Dark Keeper Ofgut</Cell>
			<Cell>None</Cell>
			<Cell>Dark Iron Dwarf</Cell>
			<Cell>55</Cell>
			<Cell>14718</Cell>
			<Cell>3964</Cell>
			<Cell>2</Cell>
	<Cell ss:Index="2">General Angerforge</Cell>
			<Cell>None</Cell>
			<Cell>Dark Iron Dwarf</Cell>
			<Cell>55</Cell>
			<Cell>65350</Cell>
			<Cell>0</Cell>
			<Cell>4</Cell>
			<Cell>Blackrock Depths (The Manufactory)</Cell>
			<Cell>Golem Lord Argelmach</Cell>
			<Cell>None</Cell>
			<Cell>Dark Iron Dwarf</Cell>
			<Cell>55</Cell>
			<Cell>65350</Cell>
			<Cell>16936</Cell>
			<Cell>3</Cell>
			<Cell>Blackrock Depths The Grim Guzzler)</Cell>
			<Cell>Dark Keeper Vorfalk</Cell>
			<Cell>None</Cell>
			<Cell>Dark Iron Dwarf</Cell>
			<Cell>55</Cell>
			<Cell>6500</Cell>
			<Cell>4234</Cell>
			<Cell>2</Cell>
	<Cell ss:Index="2">Hurkey Blackbreath</Cell>
			<Cell>None</Cell>
			<Cell>Dark Iron Dwarf</Cell>
			<Cell>55</Cell>
			<Cell>31368</Cell>
			<Cell>0</Cell>
			<Cell>2</Cell>
	<Cell ss:Index="2">Phalanx</Cell>
			<Cell>None</Cell>
			<Cell>Golem</Cell>
			<Cell>55</Cell>
			<Cell>N/A</Cell>
			<Cell>0</Cell>
			<Cell>3</Cell>
	<Cell ss:Index="2">Plugger Spazzring</Cell>
			<Cell>None</Cell>
			<Cell>Leper Gnome</Cell>
			<Cell>55</Cell>
			<Cell>12546</Cell>
			<Cell>0</Cell>
			<Cell>5</Cell>
	<Cell ss:Index="2">Ribbly Screwspigot</Cell>
			<Cell>None</Cell>
			<Cell>Goblin</Cell>
			<Cell>53</Cell>
			<Cell>14718</Cell>
			<Cell>0</Cell>
			<Cell>3</Cell>
			<Cell>Blackrock Depths (Chamber of Enchantment)</Cell>
			<Cell>Ambassador Flamelash</Cell>
			<Cell>None</Cell>
			<Cell>Flamewaker</Cell>
			<Cell>55</Cell>
			<Cell>2600</Cell>
			<Cell>0</Cell>
			<Cell>2</Cell>
			<Cell>Blackrock Depths (Mold Foundry)</Cell>
			<Cell>Panzor the Invincible</Cell>
			<Cell>None</Cell>
			<Cell>Golem</Cell>
			<Cell>56/57</Cell>
			<Cell>13000/14000</Cell>
			<Cell>0</Cell>
			<Cell>0</Cell>
			<Cell>Blackrock Depths (Summoners' Tomb)</Cell>
			<Cell>Anger'rel</Cell>
			<Cell>None</Cell>
			<Cell>Ghost</Cell>
			<Cell>55</Cell>
			<Cell>11763</Cell>
			<Cell>0</Cell>
			<Cell>6</Cell>
	<Cell ss:Index="2">Doom'rel</Cell>
			<Cell>None</Cell>
			<Cell>Ghost</Cell>
			<Cell>56</Cell>
			<Cell>12954</Cell>
			<Cell>17304</Cell>
			<Cell>6</Cell>
	<Cell ss:Index="2">Dope'rel</Cell>
			<Cell>None</Cell>
			<Cell>Ghost</Cell>
			<Cell>56</Cell>
			<Cell>12146</Cell>
			<Cell>0</Cell>
			<Cell>6</Cell>
	<Cell ss:Index="2">Gloom'rel</Cell>
			<Cell>None</Cell>
			<Cell>Ghost</Cell>
			<Cell>56</Cell>
			<Cell>12146</Cell>
			<Cell>0</Cell>
			<Cell>5</Cell>
	<Cell ss:Index="2">Hate'rel</Cell>
			<Cell>None</Cell>
			<Cell>Ghost</Cell>
			<Cell>55</Cell>
			<Cell>9410</Cell>
			<Cell>10585</Cell>
			<Cell>4</Cell>
	<Cell ss:Index="2">Seeth'rel</Cell>
			<Cell>None</Cell>
			<Cell>Ghost</Cell>
			<Cell>56</Cell>
			<Cell>9716</Cell>
			<Cell>10815</Cell>
			<Cell>7</Cell>
	<Cell ss:Index="2">Vile'rel</Cell>
			<Cell>None</Cell>
			<Cell>Ghost</Cell>
			<Cell>56</Cell>
			<Cell>9716</Cell>
			<Cell>12978</Cell>
			<Cell>4</Cell>
			<Cell>Blackrock Depths (The Iron Hall)</Cell>
			<Cell>Magmus</Cell>
			<Cell>None</Cell>
			<Cell>Molten Giant</Cell>
			<Cell>56/57</Cell>
			<Cell>24000/25000</Cell>
			<Cell>0</Cell>
			<Cell>2</Cell>
			<Cell>Blackrock Depths (The Imperial Seat)</Cell>
			<Cell>Emperor Dagran Thaurissan</Cell>
			<Cell>Emperor of Blackrock</Cell>
			<Cell>Dark Iron Dwarf</Cell>
			<Cell>56</Cell>
			<Cell>67475</Cell>
			<Cell>0</Cell>
			<Cell>3</Cell>
	<Cell ss:Index="2">Princess Moira Bronzebeard</Cell>
			<Cell>Princess of Ironforge</Cell>
			<Cell>Dwarf</Cell>
			<Cell>56</Cell>
			<Cell>13592</Cell>
			<Cell>6351</Cell>
			<Cell>3</Cell>
	<Cell ss:Index="2">High Priestess of Thaurissan</Cell>
			<Cell>None</Cell>
			<Cell>Dark Iron Dwarf</Cell>
			<Cell>56/58</Cell>
			<Cell>13000/15000</Cell>
			<Cell>6351/6867</Cell>
			<Cell>0</Cell>
			<Cell>Lower Blackrock Spire (Hordemar City)</Cell>
			<Cell>Bannok Grimaxe</Cell>
			<Cell>Firebrand Legion Champion</Cell>
			<Cell>Orc</Cell>
			<Cell>59</Cell>
			<Cell>N/A</Cell>
			<Cell>0</Cell>
			<Cell>0</Cell>
	<Cell ss:Index="2">Burning Felguard</Cell>
			<Cell>None</Cell>
			<Cell>Felguard</Cell>
			<Cell>56/57</Cell>
			<Cell>9900/11000</Cell>
			<Cell>0</Cell>
			<Cell>3</Cell>
	<Cell ss:Index="2">Spirestone Butcher</Cell>
			<Cell>None</Cell>
			<Cell>Ogre</Cell>
			<Cell>58</Cell>
			<Cell>34452</Cell>
			<Cell>0</Cell>
			<Cell>0</Cell>
	<Cell ss:Index="2">Spirestone Battle Lord</Cell>
			<Cell>None</Cell>
			<Cell>Ogre</Cell>
			<Cell>58</Cell>
			<Cell>N/A</Cell>
			<Cell>0</Cell>
			<Cell>0</Cell>
	<Cell ss:Index="2">Spirestone Lord Magus</Cell>
			<Cell>None</Cell>
			<Cell>Ogre Magi</Cell>
			<Cell>58</Cell>
			<Cell>1400</Cell>
			<Cell>13734</Cell>
			<Cell>4</Cell>
			<Cell>Lower Blackrock Spire (Mok'Doom)</Cell>
			<Cell>Highlord Omokk</Cell>
			<Cell>None</Cell>
			<Cell>Ogre</Cell>
			<Cell>59</Cell>
			<Cell>74025</Cell>
			<Cell>0</Cell>
			<Cell>2</Cell>
			<Cell>Lower Blackrock Spire (Tazz'Alaor)</Cell>
			<Cell>Mor Grayhoof</Cell>
			<Cell>None</Cell>
			<Cell>Tauren</Cell>
			<Cell>60</Cell>
			<Cell>N/A</Cell>
			<Cell>0</Cell>
			<Cell>6</Cell>
	<Cell ss:Index="2">Shadow Huner Vosh'gajin</Cell>
			<Cell>None</Cell>
			<Cell>Forest Troll</Cell>
			<Cell>58</Cell>
			<Cell>21000</Cell>
			<Cell>2289</Cell>
			<Cell>2</Cell>
	<Cell ss:Index="2">War Master Voone</Cell>
			<Cell>None</Cell>
			<Cell>Forest Troll</Cell>
			<Cell>59</Cell>
			<Cell>2610</Cell>
			<Cell>0</Cell>
			<Cell>7</Cell>
			<Cell>Lower Blackrock Spire (Skitterweb Tunnels)</Cell>
			<Cell>Mother Smolderweb</Cell>
			<Cell>None</Cell>
			<Cell>Crystal Spider</Cell>
			<Cell>60</Cell>
			<Cell>76300</Cell>
			<Cell>0</Cell>
			<Cell>3</Cell>
	<Cell ss:Index="2">Crystal Fang</Cell>
			<Cell>None</Cell>
			<Cell>Crystal Spider</Cell>
			<Cell>60</Cell>
			<Cell>N/A</Cell>
			<Cell>0</Cell>
			<Cell>0</Cell>
			<Cell>Lower Blackrock Spire (The Storehouse)</Cell>
			<Cell>Quartermaster Zigris</Cell>
			<Cell>Bloodaxe Legion</Cell>
			<Cell>Orc</Cell>
			<Cell>60</Cell>
			<Cell>122080</Cell>
			<Cell>0</Cell>
			<Cell>4</Cell>
			<Cell>Lower Blackrock Spire (Halycon's Lair)</Cell>
			<Cell>Gizrul the Slavener</Cell>
			<Cell>None</Cell>
			<Cell>Worg</Cell>
			<Cell>60</Cell>
			<Cell>61040</Cell>
			<Cell>0</Cell>
			<Cell>3</Cell>
	<Cell ss:Index="2">Halycon</Cell>
			<Cell>None</Cell>
			<Cell>Worg</Cell>
			<Cell>60</Cell>
			<Cell>61040</Cell>
			<Cell>0</Cell>
			<Cell>2</Cell>
			<Cell>Lower Blackrock Spire (Chamber of Battle)</Cell>
			<Cell>Ghok Bashguud</Cell>
			<Cell>None</Cell>
			<Cell>Orc</Cell>
			<Cell>59</Cell>
			<Cell>9000</Cell>
			<Cell>0</Cell>
			<Cell>0</Cell>
	<Cell ss:Index="2">Overlord Wyrmthalak</Cell>
			<Cell>None</Cell>
			<Cell>Dragonspawn</Cell>
			<Cell>60</Cell>
			<Cell>91560</Cell>
			<Cell>0</Cell>
			<Cell>4</Cell>
			<Cell>Upper Blackrock Spire (Hall of Binding)</Cell>
			<Cell>Pyroguard Emberseer</Cell>
			<Cell>None</Cell>
			<Cell>Fire Elemental</Cell>
			<Cell>58/59</Cell>
			<Cell>74025</Cell>
			<Cell>0</Cell>
			<Cell>6</Cell>
			<Cell>Upper Blackrock Spire (The Rookery)</Cell>
			<Cell>Solakar Flamewreath</Cell>
			<Cell>None</Cell>
			<Cell>Dragonspawn</Cell>
			<Cell>59</Cell>
			<Cell>74025</Cell>
			<Cell>0</Cell>
			<Cell>1</Cell>
			<Cell>Upper Blackrock Spire (Hall of Blackhand)</Cell>
			<Cell>Goraluk Anvilcrack</Cell>
			<Cell>Blackhand Legion Armorsmith</Cell>
			<Cell>Orc</Cell>
			<Cell>61</Cell>
			<Cell>N/A</Cell>
			<Cell>0</Cell>
			<Cell>0</Cell>
	<Cell ss:Index="2">Jed Runewatcher</Cell>
			<Cell>Blackhand Legion</Cell>
			<Cell>Orc</Cell>
			<Cell>59</Cell>
			<Cell>8800</Cell>
			<Cell>0</Cell>
			<Cell>0</Cell>
			<Cell>Upper Blackrock Spire (Blackrock Stadium)</Cell>
			<Cell>Gyth</Cell>
			<Cell>None</Cell>
			<Cell>Chromatic Drake</Cell>
			<Cell>59</Cell>
			<Cell>41454</Cell>
			<Cell>0</Cell>
			<Cell>5</Cell>
	<Cell ss:Index="2">Warchief Rend Blackhand</Cell>
			<Cell>Warchief of the Dark Horde, Chieftain of the Blackrock, Chieftain of the Black Tooth</Cell>
			<Cell>Orc</Cell>
			<Cell>N/A</Cell>
			<Cell>N/A</Cell>
			<Cell>0</Cell>
			<Cell>0</Cell>
			<Cell>Upper Blackrock Spire (The Furnace)</Cell>
			<Cell>Lord Valthalak</Cell>
			<Cell>None</Cell>
			<Cell>Drakonid</Cell>
			<Cell>??</Cell>
			<Cell>286000</Cell>
			<Cell>2620</Cell>
			<Cell>5</Cell>
	<Cell ss:Index="2">The Beast</Cell>
			<Cell>None</Cell>
			<Cell>Core Hound</Cell>
			<Cell>60</Cell>
			<Cell>76300</Cell>
			<Cell>0</Cell>
			<Cell>6</Cell>
			<Cell>Upper Blackrock Spire (Spire Throne)</Cell>
			<Cell>General Drakkisath</Cell>
			<Cell>Hand of Nefarian</Cell>
			<Cell>Dragonspawn</Cell>
			<Cell>60</Cell>
			<Cell>91560</Cell>
			<Cell>0</Cell>
			<Cell>5</Cell>
			<Cell>Molten Core</Cell>
			<Cell>Lucifron</Cell>
			<Cell>None</Cell>
			<Cell>Flamewaker</Cell>
			<Cell>??</Cell>
			<Cell>420288</Cell>
			<Cell>39300</Cell>
			<Cell>3</Cell>
	<Cell ss:Index="2">Magmadar</Cell>
			<Cell>None</Cell>
			<Cell>Core Hound</Cell>
			<Cell>??</Cell>
			<Cell>789632</Cell>
			<Cell>0</Cell>
			<Cell>4</Cell>
	<Cell ss:Index="2">Gehennas</Cell>
			<Cell>None</Cell>
			<Cell>Flamewaker</Cell>
			<Cell>??</Cell>
			<Cell>420288</Cell>
			<Cell>39300</Cell>
			<Cell>3</Cell>
	<Cell ss:Index="2">Garr</Cell>
			<Cell>None</Cell>
			<Cell>Lava Elemental</Cell>
			<Cell>??</Cell>
			<Cell>630342</Cell>
			<Cell>0</Cell>
			<Cell>2</Cell>
	<Cell ss:Index="2">Baron Geddon</Cell>
			<Cell>None</Cell>
			<Cell>Fire Elemental</Cell>
			<Cell>??</Cell>
			<Cell>560384</Cell>
			<Cell>0</Cell>
			<Cell>4</Cell>
	<Cell ss:Index="2">Shazzrah</Cell>
			<Cell>None</Cell>
			<Cell>Flamewaker</Cell>
			<Cell>??</Cell>
			<Cell>420288</Cell>
			<Cell>39300</Cell>
			<Cell>5</Cell>
	<Cell ss:Index="2">Sulfuron Harbinger</Cell>
			<Cell>None</Cell>
			<Cell>Flamewaker</Cell>
			<Cell>??</Cell>
			<Cell>420288</Cell>
			<Cell>0</Cell>
			<Cell>3</Cell>
	<Cell ss:Index="2">Golemagg the Incinerator</Cell>
			<Cell>None</Cell>
			<Cell>Molten Giant</Cell>
			<Cell>??</Cell>
			<Cell>789632</Cell>
			<Cell>0</Cell>
			<Cell>5</Cell>
	<Cell ss:Index="2">Majordomo Executus</Cell>
			<Cell>None</Cell>
			<Cell>Flamewaker</Cell>
			<Cell>??</Cell>
			<Cell>636800</Cell>
			<Cell>0</Cell>
			<Cell>5</Cell>
	<Cell ss:Index="2">Ragnaros</Cell>
			<Cell>None</Cell>
			<Cell>Fire Elemental</Cell>
			<Cell>??</Cell>
			<Cell>1050720</Cell>
			<Cell>0</Cell>
			<Cell>7</Cell>
			<Cell>Blackwing Lair (Dragonmaw Garrison)</Cell>
			<Cell>Razorgore the Untamed</Cell>
			<Cell>None</Cell>
			<Cell>Dragonspawn</Cell>
			<Cell>??</Cell>
			<Cell>573120</Cell>
			<Cell>0</Cell>
			<Cell>7</Cell>
	<Cell ss:Index="2">Grethok the Controller</Cell>
			<Cell>None</Cell>
			<Cell>Orc</Cell>
			<Cell>62</Cell>
			<Cell>78500</Cell>
			<Cell>25680</Cell>
			<Cell>4</Cell>
			<Cell>Blackwing Lair (Shadow Wing Lair)</Cell>
			<Cell>Vaelastrasz the Corrupt</Cell>
			<Cell>None</Cell>
			<Cell>Red Wyrm</Cell>
			<Cell>??</Cell>
			<Cell>1910400</Cell>
			<Cell>0</Cell>
			<Cell>6</Cell>
			<Cell>Blackwing Lair (Halls of Strife)</Cell>
			<Cell>Broodlord Lashlayer</Cell>
			<Cell>None</Cell>
			<Cell>Drakonid</Cell>
			<Cell>??</Cell>
			<Cell>875600</Cell>
			<Cell>0</Cell>
			<Cell>4</Cell>
			<Cell>Blackwing Lair (Crimson Laboratories)</Cell>
			<Cell>Firemaw</Cell>
			<Cell>None</Cell>
			<Cell>Black Drake</Cell>
			<Cell>??</Cell>
			<Cell>955200</Cell>
			<Cell>0</Cell>
			<Cell>5</Cell>
	<Cell ss:Index="2">Ebonroc</Cell>
			<Cell>None</Cell>
			<Cell>Black Drake</Cell>
			<Cell>??</Cell>
			<Cell>955200</Cell>
			<Cell>0</Cell>
			<Cell>2</Cell>
	<Cell ss:Index="2">Flamegor</Cell>
			<Cell>None</Cell>
			<Cell>Black Drake</Cell>
			<Cell>??</Cell>
			<Cell>990000</Cell>
			<Cell>0</Cell>
			<Cell>2</Cell>
	<Cell ss:Index="2">Chromaggus</Cell>
			<Cell>None</Cell>
			<Cell>Drakeadon</Cell>
			<Cell>??</Cell>
			<Cell>1432800</Cell>
			<Cell>0</Cell>
			<Cell>5</Cell>
			<Cell>Blackwing Lair (Nefarian's Lair)</Cell>
			<Cell>Nefarian</Cell>
			<Cell>None</Cell>
			<Cell>Black Wyrm</Cell>
			<Cell>??</Cell>
			<Cell>2069600</Cell>
			<Cell>0</Cell>
			<Cell>6</Cell>
			<Cell>Deadmines (Entrance)</Cell>
			<Cell>Glubtok</Cell>
			<Cell>None</Cell>
			<Cell>Ogre Mage</Cell>
			<Cell>16/87</Cell>
			<Cell>12460/4149000</Cell>
			<Cell>357/9310</Cell>
			<Cell>6</Cell>
			<Cell>Deadmines (Mast Room)</Cell>
			<Cell>Helix Gearbreaker</Cell>
			<Cell>The Carpenter</Cell>
			<Cell>Goblin</Cell>
			<Cell>16/87</Cell>
			<Cell>7120/829940</Cell>
			<Cell>0/0</Cell>
			<Cell>8</Cell>
			<Cell>Deadmines (Goblin Foundry)</Cell>
			<Cell>Foe Reaper 5000</Cell>
			<Cell>None</Cell>
			<Cell>Harvest Golem</Cell>
			<Cell>16/87</Cell>
			<Cell>10680/3319760</Cell>
			<Cell>0/0</Cell>
			<Cell>12</Cell>
			<Cell>Deadmines (Ironclad Cove)</Cell>
			<Cell>Admiral Ripsnarl</Cell>
			<Cell>None</Cell>
			<Cell>Worgen</Cell>
			<Cell>16/87</Cell>
			<Cell>17800/4149700</Cell>
			<Cell>0/0</Cell>
			<Cell>10</Cell>
	<Cell ss:Index="2">&quot;Captain&quot; Cookie</Cell>
			<Cell>Defias Kingpin?</Cell>
			<Cell>Murloc</Cell>
			<Cell>16/87</Cell>
			<Cell>10680/4149700</Cell>
			<Cell>0/0</Cell>
			<Cell>4</Cell>
	<Cell ss:Index="2">Vanessa VanCleef</Cell>
			<Cell>Defias Kingpin</Cell>
			<Cell>Human</Cell>
			<Cell>87</Cell>
			<Cell>4149700</Cell>
			<Cell>0/0</Cell>
			<Cell>18</Cell>
			<Cell>Gnomeregan (Hall of Gears)</Cell>
			<Cell>Viscous Fallout</Cell>
			<Cell>None</Cell>
			<Cell>Water Elemental</Cell>
			<Cell>29</Cell>
			<Cell>22625</Cell>
			<Cell>0</Cell>
			<Cell>1</Cell>
			<Cell>Gnomeregan (Trigg Caves)</Cell>
			<Cell>Grubbis</Cell>
			<Cell>None</Cell>
			<Cell>Trogg</Cell>
			<Cell>29</Cell>
			<Cell>18100</Cell>
			<Cell>0</Cell>
			<Cell>1</Cell>
	<Cell ss:Index="2">Chomper</Cell>
			<Cell>None</Cell>
			<Cell>Basilisk</Cell>
			<Cell>27</Cell>
			<Cell>1600</Cell>
			<Cell>0</Cell>
			<Cell>0</Cell>
			<Cell>Gnomeregan (Launch Bay)</Cell>
			<Cell>Electrocutioner 6000</Cell>
			<Cell>None</Cell>
			<Cell>Mechano/Tank</Cell>
			<Cell>29</Cell>
			<Cell>22625</Cell>
			<Cell>0</Cell>
			<Cell>3</Cell>
			<Cell>Gnomeregan (Engineering Lab)</Cell>
			<Cell>Crowd Pummeler 9/60</Cell>
			<Cell>None</Cell>
			<Cell>Crowd Pummeler</Cell>
			<Cell>29</Cell>
			<Cell>22625</Cell>
			<Cell>0</Cell>
			<Cell>3</Cell>
			<Cell>Gnomeregan (Tinkers' Court [Entrance Tunnel])</Cell>
			<Cell>Dark Iron Ambassador (Rare)</Cell>
			<Cell>None</Cell>
			<Cell>Dark Iron Dwarf</Cell>
			<Cell>29</Cell>
			<Cell>18100</Cell>
			<Cell>1622</Cell>
			<Cell>3</Cell>
			<Cell>Gnomeregan (Tinkers' Court)</Cell>
			<Cell>Mekgineer Thermaplugg</Cell>
			<Cell>King of Gnomeregan</Cell>
			<Cell>Leper Gnome</Cell>
			<Cell>29</Cell>
			<Cell>27150</Cell>
			<Cell>0</Cell>
			<Cell>5</Cell>
			<Cell>Scarlet Halls (Huntsman's Cloister)</Cell>
			<Cell>Houndmaster Braun</Cell>
			<Cell>None</Cell>
			<Cell>Human</Cell>
			<Cell>31/93</Cell>
			<Cell>30180/12647460</Cell>
			<Cell>0</Cell>
			<Cell>6</Cell>
			<Cell>Scarlet Halls (Hall of Champions)</Cell>
			<Cell>Armsmaster Harlan</Cell>
			<Cell>The Ravager</Cell>
			<Cell>Human</Cell>
			<Cell>31/93</Cell>
			<Cell>20120/12647760</Cell>
			<Cell>0</Cell>
			<Cell>7</Cell>
			<Cell>Scarlet Halls (Athenaeum)</Cell>
			<Cell>Flameweaver Koegler</Cell>
			<Cell>None</Cell>
			<Cell>Human</Cell>
			<Cell>31/93</Cell>
			<Cell>503000/14755720</Cell>
			<Cell>17560/210280</Cell>
			<Cell>6</Cell>
			<Cell>Scarlet Monastery (Forlorn Cloister)</Cell>
			<Cell>Thalnos the Soulrender</Cell>
			<Cell>None</Cell>
			<Cell>Skeletal Mage</Cell>
			<Cell>33/93</Cell>
			<Cell>27750/12647760</Cell>
			<Cell>0</Cell>
			<Cell>9</Cell>
			<Cell>Scarlet Monastery (Chapel Gardens)</Cell>
			<Cell>Brother Korloff</Cell>
			<Cell>None</Cell>
			<Cell>Human</Cell>
			<Cell>34/93</Cell>
			<Cell>29075/12647760</Cell>
			<Cell>0</Cell>
			<Cell>5</Cell>
			<Cell>Scarlet Monastery (Crusader's Chapel)</Cell>
			<Cell>Commander Durand</Cell>
			<Cell>None</Cell>
			<Cell>Human</Cell>
			<Cell>34/92</Cell>
			<Cell>13956/6323880</Cell>
			<Cell>0</Cell>
			<Cell>2</Cell>
	<Cell ss:Index="2">High Inquisitor Whitemane</Cell>
			<Cell>None</Cell>
			<Cell>Human</Cell>
			<Cell>34/92</Cell>
			<Cell>18608/4215920</Cell>
			<Cell>5035/51560</Cell>
			<Cell>7</Cell>
			<Cell>Scholomance (Reliquary)</Cell>
			<Cell>Instructor Chillheart</Cell>
			<Cell>None</Cell>
			<Cell>Lich</Cell>
			<Cell>43/92</Cell>
			<Cell>27460/6745000</Cell>
			<Cell>3575/22012</Cell>
			<Cell>8</Cell>
			<Cell>Scholomance (Jandice's Room)</Cell>
			<Cell>Jandice Barov</Cell>
			<Cell>None</Cell>
			<Cell>Human</Cell>
			<Cell>43/92</Cell>
			<Cell>42900/10539000</Cell>
			<Cell>4296/30936</Cell>
			<Cell>4</Cell>
			<Cell>Scholomance (Chamber of Summoning)</Cell>
			<Cell>Rattlegore</Cell>
			<Cell>None</Cell>
			<Cell>Bone Golem</Cell>
			<Cell>43/92</Cell>
			<Cell>51480/12647000</Cell>
			<Cell>0</Cell>
			<Cell>5</Cell>
			<Cell>Scholomance (Lilian's Room)</Cell>
			<Cell>Lilian Voss</Cell>
			<Cell>None</Cell>
			<Cell>Forsaken</Cell>
			<Cell>43/92</Cell>
			<Cell>51480/12647000</Cell>
			<Cell>1432/10312</Cell>
			<Cell>6</Cell>
			<Cell>Scholomance (Headmaster's Study)</Cell>
			<Cell>Darkmaster Gandling</Cell>
			<Cell>None</Cell>
			<Cell>Human</Cell>
			<Cell>43/92</Cell>
			<Cell>60060/14755000</Cell>
			<Cell>4296/30936</Cell>
			<Cell>8</Cell>
			<Cell>Shadowfang Keep (Entrance [Jail])</Cell>
			<Cell>Baron Ashbury</Cell>
			<Cell>None</Cell>
			<Cell>Undead</Cell>
			<Cell>21/87</Cell>
			<Cell>11600/4149000</Cell>
			<Cell>5100/931000</Cell>
			<Cell>6</Cell>
			<Cell>Shadowfang Keep (Kitchen [Dining Hall])</Cell>
			<Cell>Baron Silverlaine</Cell>
			<Cell>None</Cell>
			<Cell>Ghost</Cell>
			<Cell>21/87</Cell>
			<Cell>13025/4149700</Cell>
			<Cell>0</Cell>
			<Cell>11</Cell>
	<Cell ss:Index="2">Odo the Blindwatcher</Cell>
			<Cell>None</Cell>
			<Cell>Worgen</Cell>
			<Cell>20/85</Cell>
			<Cell>1936/??</Cell>
			<Cell>0</Cell>
			<Cell>0</Cell>
	<Cell ss:Index="2">Razorclaw the Butcher</Cell>
			<Cell>None</Cell>
			<Cell>Worgen</Cell>
			<Cell>20/87</Cell>
			<Cell>1936/??</Cell>
			<Cell>0</Cell>
			<Cell>0</Cell>
	<Cell ss:Index="2">Rethilgore</Cell>
			<Cell>The Cell Keeper</Cell>
			<Cell>Worgen</Cell>
			<Cell>20/87</Cell>
			<Cell>1936/??</Cell>
			<Cell>0</Cell>
			<Cell>1</Cell>
	<Cell ss:Index="2">Wolf Master Nandos</Cell>
			<Cell>None</Cell>
			<Cell>Worgen</Cell>
			<Cell>20/87</Cell>
			<Cell>1936/??</Cell>
			<Cell>0</Cell>
			<Cell>3</Cell>
			<Cell>Shadowfang Keep (Corridor)</Cell>
			<Cell>Commander Springvale</Cell>
			<Cell>None</Cell>
			<Cell>Ghost</Cell>
			<Cell>21/87</Cell>
			<Cell>11600/2904790</Cell>
			<Cell>5100/93100</Cell>
			<Cell>13</Cell>
	<Cell ss:Index="2">Deathsworn Captain (Rare)</Cell>
			<Cell>None</Cell>
			<Cell>Ghost</Cell>
			<Cell>21</Cell>
			<Cell>3126</Cell>
			<Cell>0</Cell>
			<Cell>2</Cell>
			<Cell>Shadowfang Keep</Cell>
			<Cell>Lord Walden</Cell>
			<Cell>None</Cell>
			<Cell>Undead</Cell>
			<Cell>21/87</Cell>
			<Cell>11600/4149700</Cell>
			<Cell>0</Cell>
			<Cell>6</Cell>
	<Cell ss:Index="2">Lord Godfrey</Cell>
			<Cell>None</Cell>
			<Cell>Undead</Cell>
			<Cell>21/87</Cell>
			<Cell>13920/41149000</Cell>
			<Cell>0</Cell>
			<Cell>5</Cell>
			<Cell>Stormwind Stockade (Main corridor)</Cell>
			<Cell>Randolph Moloch</Cell>
			<Cell>None</Cell>
			<Cell>Human</Cell>
			<Cell>25</Cell>
			<Cell>17475</Cell>
			<Cell>0</Cell>
			<Cell>3</Cell>
			<Cell>Stormwind Stockade (Right corridor)</Cell>
			<Cell>Lord Overheat</Cell>
			<Cell>None</Cell>
			<Cell>Fire Elemental</Cell>
			<Cell>25</Cell>
			<Cell>15250</Cell>
			<Cell>3930</Cell>
			<Cell>3</Cell>
			<Cell>Stormwind Stockade (Left corridor)</Cell>
			<Cell>Hogger</Cell>
			<Cell>None</Cell>
			<Cell>Gnoll</Cell>
			<Cell>25</Cell>
			<Cell>20970</Cell>
			<Cell>0</Cell>
			<Cell>3</Cell>
			<Cell>Stratholme (Main Entrance)</Cell>
			<Cell>Skul</Cell>
			<Cell>None</Cell>
			<Cell>Skeletal Mage</Cell>
			<Cell>47</Cell>
			<Cell>20895</Cell>
			<Cell>8062</Cell>
			<Cell>0</Cell>
	<Cell ss:Index="2">Stratholme Courier</Cell>
			<Cell>None</Cell>
			<Cell>Scourge</Cell>
			<Cell>45</Cell>
			<Cell>11088</Cell>
			<Cell>0</Cell>
			<Cell>0</Cell>
	<Cell ss:Index="2">Fras Siabi</Cell>
			<Cell>None</Cell>
			<Cell>Undead</Cell>
			<Cell>47</Cell>
			<Cell>35820</Cell>
			<Cell>0</Cell>
			<Cell>2</Cell>
	<Cell ss:Index="2">Hearthsinger Forresten</Cell>
			<Cell>None</Cell>
			<Cell>Ghost</Cell>
			<Cell>47</Cell>
			<Cell>29850</Cell>
			<Cell>0</Cell>
			<Cell>5</Cell>
	<Cell ss:Index="2">The Unforgiven</Cell>
			<Cell>None</Cell>
			<Cell>Wraith</Cell>
			<Cell>47</Cell>
			<Cell>29850</Cell>
			<Cell>0</Cell>
			<Cell>3</Cell>
	<Cell ss:Index="2">Timmy the Cruel</Cell>
			<Cell>None</Cell>
			<Cell>Ghoul</Cell>
			<Cell>47</Cell>
			<Cell>49750</Cell>
			<Cell>0</Cell>
			<Cell>3</Cell>
	<Cell ss:Index="2">Commander Malor</Cell>
			<Cell>None</Cell>
			<Cell>Undead</Cell>
			<Cell>47</Cell>
			<Cell>39800</Cell>
			<Cell>3200</Cell>
			<Cell>3</Cell>
	<Cell ss:Index="2">Risen Hammersmith</Cell>
			<Cell>None</Cell>
			<Cell>Undead</Cell>
			<Cell>46</Cell>
			<Cell>15352</Cell>
			<Cell>0</Cell>
			<Cell>0</Cell>
	<Cell ss:Index="2">Willey Hopebreaker</Cell>
			<Cell>Cannon Master</Cell>
			<Cell>Undead</Cell>
			<Cell>47</Cell>
			<Cell>49750</Cell>
			<Cell>0</Cell>
			<Cell>2</Cell>
	<Cell ss:Index="2">Instructor Galford</Cell>
			<Cell>None</Cell>
			<Cell>Undead</Cell>
			<Cell>47</Cell>
			<Cell>39800</Cell>
			<Cell>4920</Cell>
			<Cell>3</Cell>
	<Cell ss:Index="2">Balnazzar</Cell>
			<Cell>None</Cell>
			<Cell>Nathrezim</Cell>
			<Cell>47</Cell>
			<Cell>47760</Cell>
			<Cell>9840</Cell>
			<Cell>5</Cell>
			<Cell>Stratholme (Service Entrance)</Cell>
			<Cell>Postmaster Malown</Cell>
			<Cell>None</Cell>
			<Cell>Ghost</Cell>
			<Cell>47</Cell>
			<Cell>23880</Cell>
			<Cell>1640</Cell>
			<Cell>0</Cell>
	<Cell ss:Index="2">Black Guard Swordsmith</Cell>
			<Cell>None</Cell>
			<Cell>Skeletal Warrior</Cell>
			<Cell>50</Cell>
			<Cell>17720</Cell>
			<Cell>0</Cell>
			<Cell>0</Cell>
	<Cell ss:Index="2">Baroness Anastari</Cell>
			<Cell>None</Cell>
			<Cell>Banshee</Cell>
			<Cell>51</Cell>
			<Cell>45850</Cell>
			<Cell>7456</Cell>
			<Cell>4</Cell>
	<Cell ss:Index="2">Stonespine</Cell>
			<Cell>None</Cell>
			<Cell>Gargoyle</Cell>
			<Cell>51</Cell>
			<Cell>34380</Cell>
			<Cell>0</Cell>
			<Cell>0</Cell>
	<Cell ss:Index="2">Nerub'enkan</Cell>
			<Cell>None</Cell>
			<Cell>Nerubian</Cell>
			<Cell>51</Cell>
			<Cell>57300</Cell>
			<Cell>0</Cell>
			<Cell>1</Cell>
	<Cell ss:Index="2">Maleki the Pallid</Cell>
			<Cell>None</Cell>
			<Cell>Human</Cell>
			<Cell>51</Cell>
			<Cell>40100</Cell>
			<Cell>6759</Cell>
			<Cell>4</Cell>
	<Cell ss:Index="2">Magistrate Barthilas</Cell>
			<Cell>None</Cell>
			<Cell>Wight</Cell>
			<Cell>51</Cell>
			<Cell>57300</Cell>
			<Cell>0</Cell>
			<Cell>4</Cell>
	<Cell ss:Index="2">Ramstein the Gorger</Cell>
			<Cell>None</Cell>
			<Cell>Abomination</Cell>
			<Cell>51</Cell>
			<Cell>57300</Cell>
			<Cell>0</Cell>
			<Cell>3</Cell>
	<Cell ss:Index="2">Lord Aurius Rivendare</Cell>
			<Cell>None</Cell>
			<Cell>Human</Cell>
			<Cell>51</Cell>
			<Cell>68760</Cell>
			<Cell>9320</Cell>
			<Cell>5</Cell>
			<Cell>Temple of Atal'Hakkar (Lair of the Chosen)</Cell>
			<Cell>Jammal'an the Prophet</Cell>
			<Cell>None</Cell>
			<Cell>Jungle Troll</Cell>
			<Cell>55</Cell>
			<Cell>31365</Cell>
			<Cell>2117</Cell>
			<Cell>4</Cell>
	<Cell ss:Index="2">Ogom the Wretched</Cell>
			<Cell>None</Cell>
			<Cell>Jungle Troll</Cell>
			<Cell>54</Cell>
			<Cell>20260</Cell>
			<Cell>4082</Cell>
			<Cell>3</Cell>
			<Cell>Temple of Atal'Hakkar (Pit of Sacrifice)</Cell>
			<Cell>Wardens of the Dream</Cell>
			<Cell>None</Cell>
			<Cell>Green Drake</Cell>
			<Cell>50</Cell>
			<Cell>N/A</Cell>
			<Cell>0</Cell>
			<Cell>2</Cell>
	<Cell ss:Index="2">Dreamscythe</Cell>
			<Cell>None</Cell>
			<Cell>Green Drake</Cell>
			<Cell>55</Cell>
			<Cell>31368</Cell>
			<Cell>0</Cell>
			<Cell>2</Cell>
	<Cell ss:Index="2">Hazzas</Cell>
			<Cell>None</Cell>
			<Cell>Green Drake</Cell>
			<Cell>55</Cell>
			<Cell>31368</Cell>
			<Cell>0</Cell>
			<Cell>2</Cell>
	<Cell ss:Index="2">Morphaz</Cell>
			<Cell>None</Cell>
			<Cell>Green Drake</Cell>
			<Cell>55</Cell>
			<Cell>31368</Cell>
			<Cell>0</Cell>
			<Cell>2</Cell>
	<Cell ss:Index="2">Weaver</Cell>
			<Cell>None</Cell>
			<Cell>Green Drake</Cell>
			<Cell>55</Cell>
			<Cell>31368</Cell>
			<Cell>0</Cell>
			<Cell>2</Cell>
			<Cell>Temple of Atal'Hakkar (Chamber of the Dreamer)</Cell>
			<Cell>Shade of Eranikus</Cell>
			<Cell>None</Cell>
			<Cell>Shade</Cell>
			<Cell>55</Cell>
			<Cell>78420</Cell>
			<Cell>0</Cell>
			<Cell>4</Cell>
			<Cell>Temple of Atal'Hakkar (Sanctum of the Fallen God)</Cell>
			<Cell>Avatar of Hakkar</Cell>
			<Cell>None</Cell>
			<Cell>Skeletal Wind Serpent</Cell>
			<Cell>53/54</Cell>
			<Cell>49050/50650</Cell>
			<Cell>0</Cell>
			<Cell>3</Cell>
			<Cell>Uldaman (Hall of Keepers)</Cell>
			<Cell>Revelosh</Cell>
			<Cell>None</Cell>
			<Cell>Trogg</Cell>
			<Cell>39/40</Cell>
			<Cell>3500/3800</Cell>
			<Cell>2472/2566</Cell>
			<Cell>2</Cell>
			<Cell>Uldaman (Dig Two)</Cell>
			<Cell>The Lost Dwarves</Cell>
			<Cell>None</Cell>
			<Cell>Dwarves</Cell>
			<Cell>39</Cell>
			<Cell>11672</Cell>
			<Cell>0</Cell>
			<Cell>4</Cell>
			<Cell>Uldaman (Map Chamber)</Cell>
			<Cell>Ironaya</Cell>
			<Cell>None</Cell>
			<Cell>Titanic Watcher</Cell>
			<Cell>39/40</Cell>
			<Cell>14000/15000</Cell>
			<Cell>0</Cell>
			<Cell>3</Cell>
			<Cell>Uldaman (Echomok Cavern)</Cell>
			<Cell>Obsidian Sentinel</Cell>
			<Cell>None</Cell>
			<Cell>Stone Keeper</Cell>
			<Cell>40</Cell>
			<Cell>12192</Cell>
			<Cell>0</Cell>
			<Cell>3</Cell>
			<Cell>Uldaman (Temple Hall)</Cell>
			<Cell>Ancient Stone Keeper</Cell>
			<Cell>None</Cell>
			<Cell>Stone Keeper</Cell>
			<Cell>40</Cell>
			<Cell>38100</Cell>
			<Cell>0</Cell>
			<Cell>1</Cell>
			<Cell>Uldaman (Dig Three)</Cell>
			<Cell>Galgann Firehammer</Cell>
			<Cell>None</Cell>
			<Cell>Dwarf</Cell>
			<Cell>40</Cell>
			<Cell>11000</Cell>
			<Cell>1283</Cell>
			<Cell>3</Cell>
			<Cell>Uldaman (The Stone Vault)</Cell>
			<Cell>Grimlok</Cell>
			<Cell>Stonevault Chieftain</Cell>
			<Cell>Trogg</Cell>
			<Cell>40</Cell>
			<Cell>6100</Cell>
			<Cell>2566</Cell>
			<Cell>4</Cell>
			<Cell>Uldaman (Khaz'goroth's Seat)</Cell>
			<Cell>Archaedas</Cell>
			<Cell>Ancient Stone Watcher</Cell>
			<Cell>Stone Watcher</Cell>
			<Cell>40</Cell>
			<Cell>22860</Cell>
			<Cell>0</Cell>
			<Cell>1</Cell>
		</instances>
	</eastern_kingdoms>
</wow>